{"ts":"2026-06-12T08:44:58.650Z","level":"info","message":"Backup scheduled: 0 2 * * *"}
{"ts":"2026-06-12T08:44:58.654Z","level":"info","message":"🚀 POS Server running on port 3001"}
{"ts":"2026-06-12T08:44:58.654Z","level":"info","message":"   Environment: development"}
{"ts":"2026-06-12T08:44:58.655Z","level":"info","message":"   Client URL:  http://localhost:5173"}
{"ts":"2026-06-12T08:45:00.518Z","level":"info","message":"Backup scheduled: 0 2 * * *"}
{"ts":"2026-06-12T08:45:00.522Z","level":"info","message":"🚀 POS Server running on port 3001"}
{"ts":"2026-06-12T08:45:00.523Z","level":"info","message":"   Environment: development"}
{"ts":"2026-06-12T08:45:00.523Z","level":"info","message":"   Client URL:  http://localhost:5173"}
{"ts":"2026-06-12T08:45:17.018Z","level":"info","message":"GET /pending/all 304 1878ms","ip":"::1","userId":"0c544294-e96b-4556-a5b2-a9af18dfcdcc","userAgent":"Mozilla/5.0 (Windows NT 10.0; Win64; x64) AppleWebKit/537.36 (KHTML, like Gecko)"}
{"ts":"2026-06-12T08:45:17.069Z","level":"info","message":"GET /stats 200 1956ms","ip":"::1","userId":"0c544294-e96b-4556-a5b2-a9af18dfcdcc","userAgent":"Mozilla/5.0 (Windows NT 10.0; Win64; x64) AppleWebKit/537.36 (KHTML, like Gecko)"}
{"ts":"2026-06-12T08:45:17.083Z","level":"info","message":"GET /visits 200 1937ms","ip":"::1","userId":"0c544294-e96b-4556-a5b2-a9af18dfcdcc","userAgent":"Mozilla/5.0 (Windows NT 10.0; Win64; x64) AppleWebKit/537.36 (KHTML, like Gecko)"}
{"ts":"2026-06-12T08:45:17.090Z","level":"info","message":"GET / 304 2030ms","ip":"::1","userId":"0c544294-e96b-4556-a5b2-a9af18dfcdcc","userAgent":"Mozilla/5.0 (Windows NT 10.0; Win64; x64) AppleWebKit/537.36 (KHTML, like Gecko)"}
{"ts":"2026-06-12T08:45:17.107Z","level":"info","message":"GET /profit 200 1977ms","ip":"::1","userId":"0c544294-e96b-4556-a5b2-a9af18dfcdcc","userAgent":"Mozilla/5.0 (Windows NT 10.0; Win64; x64) AppleWebKit/537.36 (KHTML, like Gecko)"}
{"ts":"2026-06-12T08:45:17.213Z","level":"info","message":"GET / 304 119ms","ip":"::1","userId":"0c544294-e96b-4556-a5b2-a9af18dfcdcc","userAgent":"Mozilla/5.0 (Windows NT 10.0; Win64; x64) AppleWebKit/537.36 (KHTML, like Gecko)"}
{"ts":"2026-06-12T08:45:17.320Z","level":"info","message":"GET /visits 304 230ms","ip":"::1","userId":"0c544294-e96b-4556-a5b2-a9af18dfcdcc","userAgent":"Mozilla/5.0 (Windows NT 10.0; Win64; x64) AppleWebKit/537.36 (KHTML, like Gecko)"}
{"ts":"2026-06-12T08:45:17.335Z","level":"info","message":"GET /pending/all 304 310ms","ip":"::1","userId":"0c544294-e96b-4556-a5b2-a9af18dfcdcc","userAgent":"Mozilla/5.0 (Windows NT 10.0; Win64; x64) AppleWebKit/537.36 (KHTML, like Gecko)"}
{"ts":"2026-06-12T08:45:17.602Z","level":"info","message":"GET /stats 304 527ms","ip":"::1","userId":"0c544294-e96b-4556-a5b2-a9af18dfcdcc","userAgent":"Mozilla/5.0 (Windows NT 10.0; Win64; x64) AppleWebKit/537.36 (KHTML, like Gecko)"}
{"ts":"2026-06-12T08:45:17.606Z","level":"info","message":"GET /profit 304 495ms","ip":"::1","userId":"0c544294-e96b-4556-a5b2-a9af18dfcdcc","userAgent":"Mozilla/5.0 (Windows NT 10.0; Win64; x64) AppleWebKit/537.36 (KHTML, like Gecko)"}
{"ts":"2026-06-12T08:45:28.725Z","level":"info","message":"Backup scheduled: 0 2 * * *"}
{"ts":"2026-06-12T08:45:28.731Z","level":"info","message":"🚀 POS Server running on port 3001"}
{"ts":"2026-06-12T08:45:28.732Z","level":"info","message":"   Environment: development"}
{"ts":"2026-06-12T08:45:28.732Z","level":"info","message":"   Client URL:  http://localhost:5173"}
{"ts":"2026-06-12T08:45:29.221Z","level":"info","message":"POST /login 200 436ms","ip":"::1","userAgent":"Mozilla/5.0 (Windows NT 10.0; Win64; x64) AppleWebKit/537.36 (KHTML, like Gecko)"}
{"ts":"2026-06-12T08:45:29.527Z","level":"info","message":"GET / 304 271ms","ip":"::1","userId":"0c544294-e96b-4556-a5b2-a9af18dfcdcc","userAgent":"Mozilla/5.0 (Windows NT 10.0; Win64; x64) AppleWebKit/537.36 (KHTML, like Gecko)"}
{"ts":"2026-06-12T08:45:29.590Z","level":"info","message":"GET /visits 304 328ms","ip":"::ffff:127.0.0.1","userId":"0c544294-e96b-4556-a5b2-a9af18dfcdcc","userAgent":"Mozilla/5.0 (Windows NT 10.0; Win64; x64) AppleWebKit/537.36 (KHTML, like Gecko)"}
{"ts":"2026-06-12T08:45:29.599Z","level":"info","message":"GET /pending/all 304 341ms","ip":"::1","userId":"0c544294-e96b-4556-a5b2-a9af18dfcdcc","userAgent":"Mozilla/5.0 (Windows NT 10.0; Win64; x64) AppleWebKit/537.36 (KHTML, like Gecko)"}
{"ts":"2026-06-12T08:45:29.710Z","level":"info","message":"GET /visits 304 116ms","ip":"::ffff:127.0.0.1","userId":"0c544294-e96b-4556-a5b2-a9af18dfcdcc","userAgent":"Mozilla/5.0 (Windows NT 10.0; Win64; x64) AppleWebKit/537.36 (KHTML, like Gecko)"}
{"ts":"2026-06-12T08:45:29.719Z","level":"info","message":"GET / 304 188ms","ip":"::1","userId":"0c544294-e96b-4556-a5b2-a9af18dfcdcc","userAgent":"Mozilla/5.0 (Windows NT 10.0; Win64; x64) AppleWebKit/537.36 (KHTML, like Gecko)"}
{"ts":"2026-06-12T08:45:29.811Z","level":"info","message":"GET /stats 304 560ms","ip":"::1","userId":"0c544294-e96b-4556-a5b2-a9af18dfcdcc","userAgent":"Mozilla/5.0 (Windows NT 10.0; Win64; x64) AppleWebKit/537.36 (KHTML, like Gecko)"}
{"ts":"2026-06-12T08:45:29.823Z","level":"info","message":"GET /profit 304 580ms","ip":"::1","userId":"0c544294-e96b-4556-a5b2-a9af18dfcdcc","userAgent":"Mozilla/5.0 (Windows NT 10.0; Win64; x64) AppleWebKit/537.36 (KHTML, like Gecko)"}
{"ts":"2026-06-12T08:45:30.021Z","level":"info","message":"GET /profit 304 193ms","ip":"::1","userId":"0c544294-e96b-4556-a5b2-a9af18dfcdcc","userAgent":"Mozilla/5.0 (Windows NT 10.0; Win64; x64) AppleWebKit/537.36 (KHTML, like Gecko)"}
{"ts":"2026-06-12T08:45:30.048Z","level":"info","message":"GET /pending/all 304 448ms","ip":"::1","userId":"0c544294-e96b-4556-a5b2-a9af18dfcdcc","userAgent":"Mozilla/5.0 (Windows NT 10.0; Win64; x64) AppleWebKit/537.36 (KHTML, like Gecko)"}
{"ts":"2026-06-12T08:45:30.265Z","level":"info","message":"GET /stats 304 449ms","ip":"::1","userId":"0c544294-e96b-4556-a5b2-a9af18dfcdcc","userAgent":"Mozilla/5.0 (Windows NT 10.0; Win64; x64) AppleWebKit/537.36 (KHTML, like Gecko)"}
{"ts":"2026-06-12T08:45:31.492Z","level":"info","message":"GET /pending/all 304 184ms","ip":"::1","userId":"0c544294-e96b-4556-a5b2-a9af18dfcdcc","userAgent":"Mozilla/5.0 (Windows NT 10.0; Win64; x64) AppleWebKit/537.36 (KHTML, like Gecko)"}
{"ts":"2026-06-12T08:45:31.690Z","level":"info","message":"GET /pending/all 304 194ms","ip":"::1","userId":"0c544294-e96b-4556-a5b2-a9af18dfcdcc","userAgent":"Mozilla/5.0 (Windows NT 10.0; Win64; x64) AppleWebKit/537.36 (KHTML, like Gecko)"}
{"ts":"2026-06-12T08:45:32.193Z","level":"info","message":"GET / 304 195ms","ip":"::1","userId":"0c544294-e96b-4556-a5b2-a9af18dfcdcc","userAgent":"Mozilla/5.0 (Windows NT 10.0; Win64; x64) AppleWebKit/537.36 (KHTML, like Gecko)"}
{"ts":"2026-06-12T08:45:32.380Z","level":"info","message":"GET / 304 183ms","ip":"::1","userId":"0c544294-e96b-4556-a5b2-a9af18dfcdcc","userAgent":"Mozilla/5.0 (Windows NT 10.0; Win64; x64) AppleWebKit/537.36 (KHTML, like Gecko)"}
{"ts":"2026-06-12T08:45:32.891Z","level":"info","message":"GET /pending/all 304 185ms","ip":"::1","userId":"0c544294-e96b-4556-a5b2-a9af18dfcdcc","userAgent":"Mozilla/5.0 (Windows NT 10.0; Win64; x64) AppleWebKit/537.36 (KHTML, like Gecko)"}
{"ts":"2026-06-12T08:45:32.898Z","level":"info","message":"GET / 304 189ms","ip":"::1","userId":"0c544294-e96b-4556-a5b2-a9af18dfcdcc","userAgent":"Mozilla/5.0 (Windows NT 10.0; Win64; x64) AppleWebKit/537.36 (KHTML, like Gecko)"}
{"ts":"2026-06-12T08:45:33.073Z","level":"info","message":"GET /pending/all 304 179ms","ip":"::1","userId":"0c544294-e96b-4556-a5b2-a9af18dfcdcc","userAgent":"Mozilla/5.0 (Windows NT 10.0; Win64; x64) AppleWebKit/537.36 (KHTML, like Gecko)"}
{"ts":"2026-06-12T08:45:33.089Z","level":"info","message":"GET / 304 188ms","ip":"::1","userId":"0c544294-e96b-4556-a5b2-a9af18dfcdcc","userAgent":"Mozilla/5.0 (Windows NT 10.0; Win64; x64) AppleWebKit/537.36 (KHTML, like Gecko)"}
{"ts":"2026-06-12T08:45:34.179Z","level":"info","message":"GET / 304 191ms","ip":"::1","userId":"0c544294-e96b-4556-a5b2-a9af18dfcdcc","userAgent":"Mozilla/5.0 (Windows NT 10.0; Win64; x64) AppleWebKit/537.36 (KHTML, like Gecko)"}
{"ts":"2026-06-12T08:45:34.365Z","level":"info","message":"GET / 304 182ms","ip":"::1","userId":"0c544294-e96b-4556-a5b2-a9af18dfcdcc","userAgent":"Mozilla/5.0 (Windows NT 10.0; Win64; x64) AppleWebKit/537.36 (KHTML, like Gecko)"}
{"ts":"2026-06-12T08:47:07.826Z","level":"warn","message":"POST /login 401 712ms","ip":"::1","userAgent":"Mozilla/5.0 (Windows NT 10.0; Win64; x64) AppleWebKit/537.36 (KHTML, like Gecko)"}
{"ts":"2026-06-12T08:47:13.755Z","level":"warn","message":"POST /login 401 460ms","ip":"::1","userAgent":"Mozilla/5.0 (Windows NT 10.0; Win64; x64) AppleWebKit/537.36 (KHTML, like Gecko)"}
{"ts":"2026-06-12T08:47:21.566Z","level":"warn","message":"POST /login 401 524ms","ip":"::1","userAgent":"Mozilla/5.0 (Windows NT 10.0; Win64; x64) AppleWebKit/537.36 (KHTML, like Gecko)"}
{"ts":"2026-06-12T08:47:56.050Z","level":"info","message":"POST /register 201 1032ms","ip":"::1","userAgent":"Mozilla/5.0 (Windows NT 10.0; Win64; x64) AppleWebKit/537.36 (KHTML, like Gecko)"}
{"ts":"2026-06-12T08:47:57.402Z","level":"info","message":"GET /stats 304 1308ms","ip":"::1","userId":"f437545e-506c-4352-8e9b-cd44eaf5218b","userAgent":"Mozilla/5.0 (Windows NT 10.0; Win64; x64) AppleWebKit/537.36 (KHTML, like Gecko)"}
{"ts":"2026-06-12T08:47:57.418Z","level":"info","message":"GET /pending/all 304 1311ms","ip":"::1","userId":"f437545e-506c-4352-8e9b-cd44eaf5218b","userAgent":"Mozilla/5.0 (Windows NT 10.0; Win64; x64) AppleWebKit/537.36 (KHTML, like Gecko)"}
{"ts":"2026-06-12T08:47:57.475Z","level":"info","message":"GET /profit 304 1371ms","ip":"::1","userId":"f437545e-506c-4352-8e9b-cd44eaf5218b","userAgent":"Mozilla/5.0 (Windows NT 10.0; Win64; x64) AppleWebKit/537.36 (KHTML, like Gecko)"}
{"ts":"2026-06-12T08:47:57.479Z","level":"info","message":"GET /visits 304 1378ms","ip":"::1","userId":"f437545e-506c-4352-8e9b-cd44eaf5218b","userAgent":"Mozilla/5.0 (Windows NT 10.0; Win64; x64) AppleWebKit/537.36 (KHTML, like Gecko)"}
{"ts":"2026-06-12T08:47:57.493Z","level":"info","message":"GET / 304 1394ms","ip":"::1","userId":"f437545e-506c-4352-8e9b-cd44eaf5218b","userAgent":"Mozilla/5.0 (Windows NT 10.0; Win64; x64) AppleWebKit/537.36 (KHTML, like Gecko)"}
{"ts":"2026-06-12T08:47:57.582Z","level":"info","message":"GET /pending/all 304 161ms","ip":"::1","userId":"f437545e-506c-4352-8e9b-cd44eaf5218b","userAgent":"Mozilla/5.0 (Windows NT 10.0; Win64; x64) AppleWebKit/537.36 (KHTML, like Gecko)"}
{"ts":"2026-06-12T08:47:57.711Z","level":"info","message":"GET /visits 304 226ms","ip":"::1","userId":"f437545e-506c-4352-8e9b-cd44eaf5218b","userAgent":"Mozilla/5.0 (Windows NT 10.0; Win64; x64) AppleWebKit/537.36 (KHTML, like Gecko)"}
{"ts":"2026-06-12T08:47:57.774Z","level":"info","message":"GET /stats 304 369ms","ip":"::1","userId":"f437545e-506c-4352-8e9b-cd44eaf5218b","userAgent":"Mozilla/5.0 (Windows NT 10.0; Win64; x64) AppleWebKit/537.36 (KHTML, like Gecko)"}
{"ts":"2026-06-12T08:47:57.789Z","level":"info","message":"GET / 304 293ms","ip":"::1","userId":"f437545e-506c-4352-8e9b-cd44eaf5218b","userAgent":"Mozilla/5.0 (Windows NT 10.0; Win64; x64) AppleWebKit/537.36 (KHTML, like Gecko)"}
{"ts":"2026-06-12T08:47:57.793Z","level":"info","message":"GET /profit 304 311ms","ip":"::1","userId":"f437545e-506c-4352-8e9b-cd44eaf5218b","userAgent":"Mozilla/5.0 (Windows NT 10.0; Win64; x64) AppleWebKit/537.36 (KHTML, like Gecko)"}
{"ts":"2026-06-12T08:48:00.898Z","level":"info","message":"GET /pending/all 304 231ms","ip":"::1","userId":"f437545e-506c-4352-8e9b-cd44eaf5218b","userAgent":"Mozilla/5.0 (Windows NT 10.0; Win64; x64) AppleWebKit/537.36 (KHTML, like Gecko)"}
{"ts":"2026-06-12T08:48:01.080Z","level":"info","message":"GET /pending/all 304 180ms","ip":"::1","userId":"f437545e-506c-4352-8e9b-cd44eaf5218b","userAgent":"Mozilla/5.0 (Windows NT 10.0; Win64; x64) AppleWebKit/537.36 (KHTML, like Gecko)"}
{"ts":"2026-06-12T08:48:01.546Z","level":"info","message":"GET / 304 181ms","ip":"::1","userId":"f437545e-506c-4352-8e9b-cd44eaf5218b","userAgent":"Mozilla/5.0 (Windows NT 10.0; Win64; x64) AppleWebKit/537.36 (KHTML, like Gecko)"}
{"ts":"2026-06-12T08:48:01.567Z","level":"info","message":"GET /pending/all 304 200ms","ip":"::1","userId":"f437545e-506c-4352-8e9b-cd44eaf5218b","userAgent":"Mozilla/5.0 (Windows NT 10.0; Win64; x64) AppleWebKit/537.36 (KHTML, like Gecko)"}
{"ts":"2026-06-12T08:48:01.726Z","level":"info","message":"GET / 304 178ms","ip":"::1","userId":"f437545e-506c-4352-8e9b-cd44eaf5218b","userAgent":"Mozilla/5.0 (Windows NT 10.0; Win64; x64) AppleWebKit/537.36 (KHTML, like Gecko)"}
{"ts":"2026-06-12T08:48:01.772Z","level":"info","message":"GET /pending/all 304 202ms","ip":"::1","userId":"f437545e-506c-4352-8e9b-cd44eaf5218b","userAgent":"Mozilla/5.0 (Windows NT 10.0; Win64; x64) AppleWebKit/537.36 (KHTML, like Gecko)"}
{"ts":"2026-06-12T08:48:02.392Z","level":"info","message":"GET / 304 181ms","ip":"::1","userId":"f437545e-506c-4352-8e9b-cd44eaf5218b","userAgent":"Mozilla/5.0 (Windows NT 10.0; Win64; x64) AppleWebKit/537.36 (KHTML, like Gecko)"}
{"ts":"2026-06-12T08:48:02.397Z","level":"info","message":"GET / 304 184ms","ip":"::1","userId":"f437545e-506c-4352-8e9b-cd44eaf5218b","userAgent":"Mozilla/5.0 (Windows NT 10.0; Win64; x64) AppleWebKit/537.36 (KHTML, like Gecko)"}
{"ts":"2026-06-12T08:48:02.575Z","level":"info","message":"GET / 304 174ms","ip":"::1","userId":"f437545e-506c-4352-8e9b-cd44eaf5218b","userAgent":"Mozilla/5.0 (Windows NT 10.0; Win64; x64) AppleWebKit/537.36 (KHTML, like Gecko)"}
{"ts":"2026-06-12T08:48:02.578Z","level":"info","message":"GET / 304 175ms","ip":"::1","userId":"f437545e-506c-4352-8e9b-cd44eaf5218b","userAgent":"Mozilla/5.0 (Windows NT 10.0; Win64; x64) AppleWebKit/537.36 (KHTML, like Gecko)"}
{"ts":"2026-06-12T08:48:03.347Z","level":"info","message":"GET /pending/all 304 178ms","ip":"::1","userId":"f437545e-506c-4352-8e9b-cd44eaf5218b","userAgent":"Mozilla/5.0 (Windows NT 10.0; Win64; x64) AppleWebKit/537.36 (KHTML, like Gecko)"}
{"ts":"2026-06-12T08:48:03.368Z","level":"info","message":"GET /visits 304 182ms","ip":"::1","userId":"f437545e-506c-4352-8e9b-cd44eaf5218b","userAgent":"Mozilla/5.0 (Windows NT 10.0; Win64; x64) AppleWebKit/537.36 (KHTML, like Gecko)"}
{"ts":"2026-06-12T08:48:03.374Z","level":"info","message":"GET / 304 196ms","ip":"::1","userId":"f437545e-506c-4352-8e9b-cd44eaf5218b","userAgent":"Mozilla/5.0 (Windows NT 10.0; Win64; x64) AppleWebKit/537.36 (KHTML, like Gecko)"}
{"ts":"2026-06-12T08:48:03.426Z","level":"info","message":"GET /stats 304 256ms","ip":"::1","userId":"f437545e-506c-4352-8e9b-cd44eaf5218b","userAgent":"Mozilla/5.0 (Windows NT 10.0; Win64; x64) AppleWebKit/537.36 (KHTML, like Gecko)"}
{"ts":"2026-06-12T08:48:03.524Z","level":"info","message":"GET /pending/all 304 173ms","ip":"::1","userId":"f437545e-506c-4352-8e9b-cd44eaf5218b","userAgent":"Mozilla/5.0 (Windows NT 10.0; Win64; x64) AppleWebKit/537.36 (KHTML, like Gecko)"}
{"ts":"2026-06-12T08:48:03.553Z","level":"info","message":"GET /visits 304 183ms","ip":"::1","userId":"f437545e-506c-4352-8e9b-cd44eaf5218b","userAgent":"Mozilla/5.0 (Windows NT 10.0; Win64; x64) AppleWebKit/537.36 (KHTML, like Gecko)"}
{"ts":"2026-06-12T08:48:03.635Z","level":"info","message":"GET / 304 259ms","ip":"::1","userId":"f437545e-506c-4352-8e9b-cd44eaf5218b","userAgent":"Mozilla/5.0 (Windows NT 10.0; Win64; x64) AppleWebKit/537.36 (KHTML, like Gecko)"}
{"ts":"2026-06-12T08:48:03.736Z","level":"info","message":"GET /profit 304 556ms","ip":"::1","userId":"f437545e-506c-4352-8e9b-cd44eaf5218b","userAgent":"Mozilla/5.0 (Windows NT 10.0; Win64; x64) AppleWebKit/537.36 (KHTML, like Gecko)"}
{"ts":"2026-06-12T08:48:03.884Z","level":"info","message":"GET /stats 304 456ms","ip":"::1","userId":"f437545e-506c-4352-8e9b-cd44eaf5218b","userAgent":"Mozilla/5.0 (Windows NT 10.0; Win64; x64) AppleWebKit/537.36 (KHTML, like Gecko)"}
{"ts":"2026-06-12T08:48:04.164Z","level":"info","message":"GET /profit 304 424ms","ip":"::1","userId":"f437545e-506c-4352-8e9b-cd44eaf5218b","userAgent":"Mozilla/5.0 (Windows NT 10.0; Win64; x64) AppleWebKit/537.36 (KHTML, like Gecko)"}
{"ts":"2026-06-12T08:48:04.166Z","level":"info","message":"GET / 304 392ms","ip":"::1","userId":"f437545e-506c-4352-8e9b-cd44eaf5218b","userAgent":"Mozilla/5.0 (Windows NT 10.0; Win64; x64) AppleWebKit/537.36 (KHTML, like Gecko)"}
{"ts":"2026-06-12T08:48:04.169Z","level":"info","message":"GET / 304 393ms","ip":"::1","userId":"f437545e-506c-4352-8e9b-cd44eaf5218b","userAgent":"Mozilla/5.0 (Windows NT 10.0; Win64; x64) AppleWebKit/537.36 (KHTML, like Gecko)"}
{"ts":"2026-06-12T08:48:04.356Z","level":"info","message":"GET / 304 184ms","ip":"::1","userId":"f437545e-506c-4352-8e9b-cd44eaf5218b","userAgent":"Mozilla/5.0 (Windows NT 10.0; Win64; x64) AppleWebKit/537.36 (KHTML, like Gecko)"}
{"ts":"2026-06-12T08:48:04.360Z","level":"info","message":"GET / 304 184ms","ip":"::1","userId":"f437545e-506c-4352-8e9b-cd44eaf5218b","userAgent":"Mozilla/5.0 (Windows NT 10.0; Win64; x64) AppleWebKit/537.36 (KHTML, like Gecko)"}
{"ts":"2026-06-12T08:48:05.324Z","level":"info","message":"GET / 304 180ms","ip":"::1","userId":"f437545e-506c-4352-8e9b-cd44eaf5218b","userAgent":"Mozilla/5.0 (Windows NT 10.0; Win64; x64) AppleWebKit/537.36 (KHTML, like Gecko)"}
{"ts":"2026-06-12T08:48:05.333Z","level":"info","message":"GET /pending/all 304 184ms","ip":"::1","userId":"f437545e-506c-4352-8e9b-cd44eaf5218b","userAgent":"Mozilla/5.0 (Windows NT 10.0; Win64; x64) AppleWebKit/537.36 (KHTML, like Gecko)"}
{"ts":"2026-06-12T08:48:05.516Z","level":"info","message":"GET /pending/all 304 179ms","ip":"::1","userId":"f437545e-506c-4352-8e9b-cd44eaf5218b","userAgent":"Mozilla/5.0 (Windows NT 10.0; Win64; x64) AppleWebKit/537.36 (KHTML, like Gecko)"}
{"ts":"2026-06-12T08:48:05.518Z","level":"info","message":"GET / 304 188ms","ip":"::1","userId":"f437545e-506c-4352-8e9b-cd44eaf5218b","userAgent":"Mozilla/5.0 (Windows NT 10.0; Win64; x64) AppleWebKit/537.36 (KHTML, like Gecko)"}
{"ts":"2026-06-12T08:48:08.775Z","level":"info","message":"GET / 304 196ms","ip":"::1","userId":"f437545e-506c-4352-8e9b-cd44eaf5218b","userAgent":"Mozilla/5.0 (Windows NT 10.0; Win64; x64) AppleWebKit/537.36 (KHTML, like Gecko)"}
{"ts":"2026-06-12T08:48:08.781Z","level":"info","message":"GET / 304 205ms","ip":"::1","userId":"f437545e-506c-4352-8e9b-cd44eaf5218b","userAgent":"Mozilla/5.0 (Windows NT 10.0; Win64; x64) AppleWebKit/537.36 (KHTML, like Gecko)"}
{"ts":"2026-06-12T08:48:08.958Z","level":"info","message":"GET / 304 180ms","ip":"::1","userId":"f437545e-506c-4352-8e9b-cd44eaf5218b","userAgent":"Mozilla/5.0 (Windows NT 10.0; Win64; x64) AppleWebKit/537.36 (KHTML, like Gecko)"}
{"ts":"2026-06-12T08:48:08.981Z","level":"info","message":"GET / 304 197ms","ip":"::1","userId":"f437545e-506c-4352-8e9b-cd44eaf5218b","userAgent":"Mozilla/5.0 (Windows NT 10.0; Win64; x64) AppleWebKit/537.36 (KHTML, like Gecko)"}
{"ts":"2026-06-12T08:48:54.480Z","level":"info","message":"GET /visits 304 817ms","ip":"::1","userId":"f437545e-506c-4352-8e9b-cd44eaf5218b","userAgent":"Mozilla/5.0 (Windows NT 10.0; Win64; x64) AppleWebKit/537.36 (KHTML, like Gecko)"}
{"ts":"2026-06-12T08:48:54.542Z","level":"info","message":"GET / 304 880ms","ip":"::1","userId":"f437545e-506c-4352-8e9b-cd44eaf5218b","userAgent":"Mozilla/5.0 (Windows NT 10.0; Win64; x64) AppleWebKit/537.36 (KHTML, like Gecko)"}
{"ts":"2026-06-12T08:48:54.550Z","level":"info","message":"GET /stats 304 894ms","ip":"::1","userId":"f437545e-506c-4352-8e9b-cd44eaf5218b","userAgent":"Mozilla/5.0 (Windows NT 10.0; Win64; x64) AppleWebKit/537.36 (KHTML, like Gecko)"}
{"ts":"2026-06-12T08:48:54.566Z","level":"info","message":"GET /profit 304 901ms","ip":"::1","userId":"f437545e-506c-4352-8e9b-cd44eaf5218b","userAgent":"Mozilla/5.0 (Windows NT 10.0; Win64; x64) AppleWebKit/537.36 (KHTML, like Gecko)"}
{"ts":"2026-06-12T08:48:54.567Z","level":"info","message":"GET /pending/all 304 906ms","ip":"::1","userId":"f437545e-506c-4352-8e9b-cd44eaf5218b","userAgent":"Mozilla/5.0 (Windows NT 10.0; Win64; x64) AppleWebKit/537.36 (KHTML, like Gecko)"}
{"ts":"2026-06-12T08:48:54.868Z","level":"info","message":"GET /visits 304 386ms","ip":"::1","userId":"f437545e-506c-4352-8e9b-cd44eaf5218b","userAgent":"Mozilla/5.0 (Windows NT 10.0; Win64; x64) AppleWebKit/537.36 (KHTML, like Gecko)"}
{"ts":"2026-06-12T08:48:54.919Z","level":"info","message":"GET / 304 374ms","ip":"::1","userId":"f437545e-506c-4352-8e9b-cd44eaf5218b","userAgent":"Mozilla/5.0 (Windows NT 10.0; Win64; x64) AppleWebKit/537.36 (KHTML, like Gecko)"}
{"ts":"2026-06-12T08:48:55.040Z","level":"info","message":"GET /profit 304 471ms","ip":"::1","userId":"f437545e-506c-4352-8e9b-cd44eaf5218b","userAgent":"Mozilla/5.0 (Windows NT 10.0; Win64; x64) AppleWebKit/537.36 (KHTML, like Gecko)"}
{"ts":"2026-06-12T08:48:55.049Z","level":"info","message":"GET /pending/all 304 477ms","ip":"::1","userId":"f437545e-506c-4352-8e9b-cd44eaf5218b","userAgent":"Mozilla/5.0 (Windows NT 10.0; Win64; x64) AppleWebKit/537.36 (KHTML, like Gecko)"}
{"ts":"2026-06-12T08:48:55.092Z","level":"info","message":"GET /stats 304 538ms","ip":"::1","userId":"f437545e-506c-4352-8e9b-cd44eaf5218b","userAgent":"Mozilla/5.0 (Windows NT 10.0; Win64; x64) AppleWebKit/537.36 (KHTML, like Gecko)"}
{"ts":"2026-06-12T08:49:01.309Z","level":"info","message":"GET / 304 311ms","ip":"::1","userId":"f437545e-506c-4352-8e9b-cd44eaf5218b","userAgent":"Mozilla/5.0 (Windows NT 10.0; Win64; x64) AppleWebKit/537.36 (KHTML, like Gecko)"}
{"ts":"2026-06-12T08:49:01.315Z","level":"info","message":"GET / 304 319ms","ip":"::1","userId":"f437545e-506c-4352-8e9b-cd44eaf5218b","userAgent":"Mozilla/5.0 (Windows NT 10.0; Win64; x64) AppleWebKit/537.36 (KHTML, like Gecko)"}
{"ts":"2026-06-12T08:49:01.495Z","level":"info","message":"GET / 304 181ms","ip":"::1","userId":"f437545e-506c-4352-8e9b-cd44eaf5218b","userAgent":"Mozilla/5.0 (Windows NT 10.0; Win64; x64) AppleWebKit/537.36 (KHTML, like Gecko)"}
{"ts":"2026-06-12T08:49:01.498Z","level":"info","message":"GET / 304 181ms","ip":"::1","userId":"f437545e-506c-4352-8e9b-cd44eaf5218b","userAgent":"Mozilla/5.0 (Windows NT 10.0; Win64; x64) AppleWebKit/537.36 (KHTML, like Gecko)"}
{"ts":"2026-06-12T08:49:02.139Z","level":"info","message":"GET / 304 185ms","ip":"::1","userId":"f437545e-506c-4352-8e9b-cd44eaf5218b","userAgent":"Mozilla/5.0 (Windows NT 10.0; Win64; x64) AppleWebKit/537.36 (KHTML, like Gecko)"}
{"ts":"2026-06-12T08:49:02.148Z","level":"info","message":"GET /pending/all 304 191ms","ip":"::1","userId":"f437545e-506c-4352-8e9b-cd44eaf5218b","userAgent":"Mozilla/5.0 (Windows NT 10.0; Win64; x64) AppleWebKit/537.36 (KHTML, like Gecko)"}
{"ts":"2026-06-12T08:49:02.326Z","level":"info","message":"GET / 304 184ms","ip":"::1","userId":"f437545e-506c-4352-8e9b-cd44eaf5218b","userAgent":"Mozilla/5.0 (Windows NT 10.0; Win64; x64) AppleWebKit/537.36 (KHTML, like Gecko)"}
{"ts":"2026-06-12T08:49:02.332Z","level":"info","message":"GET /pending/all 304 182ms","ip":"::1","userId":"f437545e-506c-4352-8e9b-cd44eaf5218b","userAgent":"Mozilla/5.0 (Windows NT 10.0; Win64; x64) AppleWebKit/537.36 (KHTML, like Gecko)"}
{"ts":"2026-06-12T08:49:02.871Z","level":"info","message":"GET /pending/all 304 190ms","ip":"::1","userId":"f437545e-506c-4352-8e9b-cd44eaf5218b","userAgent":"Mozilla/5.0 (Windows NT 10.0; Win64; x64) AppleWebKit/537.36 (KHTML, like Gecko)"}
{"ts":"2026-06-12T08:49:03.057Z","level":"info","message":"GET /pending/all 304 180ms","ip":"::1","userId":"f437545e-506c-4352-8e9b-cd44eaf5218b","userAgent":"Mozilla/5.0 (Windows NT 10.0; Win64; x64) AppleWebKit/537.36 (KHTML, like Gecko)"}
{"ts":"2026-06-12T08:49:03.459Z","level":"info","message":"GET / 304 204ms","ip":"::1","userId":"f437545e-506c-4352-8e9b-cd44eaf5218b","userAgent":"Mozilla/5.0 (Windows NT 10.0; Win64; x64) AppleWebKit/537.36 (KHTML, like Gecko)"}
{"ts":"2026-06-12T08:49:03.471Z","level":"info","message":"GET /pending/all 304 187ms","ip":"::1","userId":"f437545e-506c-4352-8e9b-cd44eaf5218b","userAgent":"Mozilla/5.0 (Windows NT 10.0; Win64; x64) AppleWebKit/537.36 (KHTML, like Gecko)"}
{"ts":"2026-06-12T08:49:03.640Z","level":"info","message":"GET / 304 177ms","ip":"::1","userId":"f437545e-506c-4352-8e9b-cd44eaf5218b","userAgent":"Mozilla/5.0 (Windows NT 10.0; Win64; x64) AppleWebKit/537.36 (KHTML, like Gecko)"}
{"ts":"2026-06-12T08:49:03.653Z","level":"info","message":"GET /pending/all 304 180ms","ip":"::1","userId":"f437545e-506c-4352-8e9b-cd44eaf5218b","userAgent":"Mozilla/5.0 (Windows NT 10.0; Win64; x64) AppleWebKit/537.36 (KHTML, like Gecko)"}
{"ts":"2026-06-12T08:49:04.252Z","level":"info","message":"GET /pending/all 304 178ms","ip":"::1","userId":"f437545e-506c-4352-8e9b-cd44eaf5218b","userAgent":"Mozilla/5.0 (Windows NT 10.0; Win64; x64) AppleWebKit/537.36 (KHTML, like Gecko)"}
{"ts":"2026-06-12T08:49:04.429Z","level":"info","message":"GET /pending/all 304 175ms","ip":"::1","userId":"f437545e-506c-4352-8e9b-cd44eaf5218b","userAgent":"Mozilla/5.0 (Windows NT 10.0; Win64; x64) AppleWebKit/537.36 (KHTML, like Gecko)"}
{"ts":"2026-06-12T08:49:06.002Z","level":"info","message":"GET / 304 192ms","ip":"::1","userId":"f437545e-506c-4352-8e9b-cd44eaf5218b","userAgent":"Mozilla/5.0 (Windows NT 10.0; Win64; x64) AppleWebKit/537.36 (KHTML, like Gecko)"}
{"ts":"2026-06-12T08:49:06.006Z","level":"info","message":"GET /pending/all 304 192ms","ip":"::1","userId":"f437545e-506c-4352-8e9b-cd44eaf5218b","userAgent":"Mozilla/5.0 (Windows NT 10.0; Win64; x64) AppleWebKit/537.36 (KHTML, like Gecko)"}
{"ts":"2026-06-12T08:49:06.192Z","level":"info","message":"GET / 304 185ms","ip":"::1","userId":"f437545e-506c-4352-8e9b-cd44eaf5218b","userAgent":"Mozilla/5.0 (Windows NT 10.0; Win64; x64) AppleWebKit/537.36 (KHTML, like Gecko)"}
{"ts":"2026-06-12T08:49:06.201Z","level":"info","message":"GET /pending/all 304 187ms","ip":"::1","userId":"f437545e-506c-4352-8e9b-cd44eaf5218b","userAgent":"Mozilla/5.0 (Windows NT 10.0; Win64; x64) AppleWebKit/537.36 (KHTML, like Gecko)"}
{"ts":"2026-06-12T08:49:06.700Z","level":"info","message":"GET /pending/all 304 184ms","ip":"::1","userId":"f437545e-506c-4352-8e9b-cd44eaf5218b","userAgent":"Mozilla/5.0 (Windows NT 10.0; Win64; x64) AppleWebKit/537.36 (KHTML, like Gecko)"}
{"ts":"2026-06-12T08:49:06.748Z","level":"info","message":"GET /visits 304 222ms","ip":"::1","userId":"f437545e-506c-4352-8e9b-cd44eaf5218b","userAgent":"Mozilla/5.0 (Windows NT 10.0; Win64; x64) AppleWebKit/537.36 (KHTML, like Gecko)"}
{"ts":"2026-06-12T08:49:06.834Z","level":"info","message":"GET /stats 304 317ms","ip":"::1","userId":"f437545e-506c-4352-8e9b-cd44eaf5218b","userAgent":"Mozilla/5.0 (Windows NT 10.0; Win64; x64) AppleWebKit/537.36 (KHTML, like Gecko)"}
{"ts":"2026-06-12T08:49:06.845Z","level":"info","message":"GET / 304 324ms","ip":"::1","userId":"f437545e-506c-4352-8e9b-cd44eaf5218b","userAgent":"Mozilla/5.0 (Windows NT 10.0; Win64; x64) AppleWebKit/537.36 (KHTML, like Gecko)"}
{"ts":"2026-06-12T08:49:06.847Z","level":"info","message":"GET /profit 304 324ms","ip":"::1","userId":"f437545e-506c-4352-8e9b-cd44eaf5218b","userAgent":"Mozilla/5.0 (Windows NT 10.0; Win64; x64) AppleWebKit/537.36 (KHTML, like Gecko)"}
{"ts":"2026-06-12T08:49:06.881Z","level":"info","message":"GET /pending/all 304 177ms","ip":"::1","userId":"f437545e-506c-4352-8e9b-cd44eaf5218b","userAgent":"Mozilla/5.0 (Windows NT 10.0; Win64; x64) AppleWebKit/537.36 (KHTML, like Gecko)"}
{"ts":"2026-06-12T08:49:06.934Z","level":"info","message":"GET /visits 304 184ms","ip":"::1","userId":"f437545e-506c-4352-8e9b-cd44eaf5218b","userAgent":"Mozilla/5.0 (Windows NT 10.0; Win64; x64) AppleWebKit/537.36 (KHTML, like Gecko)"}
{"ts":"2026-06-12T08:49:06.946Z","level":"info","message":"GET / 304 97ms","ip":"::1","userId":"f437545e-506c-4352-8e9b-cd44eaf5218b","userAgent":"Mozilla/5.0 (Windows NT 10.0; Win64; x64) AppleWebKit/537.36 (KHTML, like Gecko)"}
{"ts":"2026-06-12T08:49:07.030Z","level":"info","message":"GET /profit 304 179ms","ip":"::1","userId":"f437545e-506c-4352-8e9b-cd44eaf5218b","userAgent":"Mozilla/5.0 (Windows NT 10.0; Win64; x64) AppleWebKit/537.36 (KHTML, like Gecko)"}
{"ts":"2026-06-12T08:49:07.128Z","level":"info","message":"GET /stats 304 292ms","ip":"::1","userId":"f437545e-506c-4352-8e9b-cd44eaf5218b","userAgent":"Mozilla/5.0 (Windows NT 10.0; Win64; x64) AppleWebKit/537.36 (KHTML, like Gecko)"}
{"ts":"2026-06-12T08:49:07.160Z","level":"info","message":"GET / 304 176ms","ip":"::1","userId":"f437545e-506c-4352-8e9b-cd44eaf5218b","userAgent":"Mozilla/5.0 (Windows NT 10.0; Win64; x64) AppleWebKit/537.36 (KHTML, like Gecko)"}
{"ts":"2026-06-12T08:49:07.164Z","level":"info","message":"GET / 304 179ms","ip":"::1","userId":"f437545e-506c-4352-8e9b-cd44eaf5218b","userAgent":"Mozilla/5.0 (Windows NT 10.0; Win64; x64) AppleWebKit/537.36 (KHTML, like Gecko)"}
{"ts":"2026-06-12T08:49:07.333Z","level":"info","message":"GET / 304 172ms","ip":"::1","userId":"f437545e-506c-4352-8e9b-cd44eaf5218b","userAgent":"Mozilla/5.0 (Windows NT 10.0; Win64; x64) AppleWebKit/537.36 (KHTML, like Gecko)"}
{"ts":"2026-06-12T08:49:07.341Z","level":"info","message":"GET / 304 175ms","ip":"::1","userId":"f437545e-506c-4352-8e9b-cd44eaf5218b","userAgent":"Mozilla/5.0 (Windows NT 10.0; Win64; x64) AppleWebKit/537.36 (KHTML, like Gecko)"}
{"ts":"2026-06-12T08:49:56.950Z","level":"info","message":"GET /pending/all 304 323ms","ip":"::1","userId":"f437545e-506c-4352-8e9b-cd44eaf5218b","userAgent":"Mozilla/5.0 (Windows NT 10.0; Win64; x64) AppleWebKit/537.36 (KHTML, like Gecko)"}
{"ts":"2026-06-12T08:49:57.099Z","level":"info","message":"GET /pending/all 304 146ms","ip":"::1","userId":"f437545e-506c-4352-8e9b-cd44eaf5218b","userAgent":"Mozilla/5.0 (Windows NT 10.0; Win64; x64) AppleWebKit/537.36 (KHTML, like Gecko)"}
{"ts":"2026-06-12T08:50:04.591Z","level":"info","message":"GET /pending/all 304 305ms","ip":"::1","userId":"f437545e-506c-4352-8e9b-cd44eaf5218b","userAgent":"Mozilla/5.0 (Windows NT 10.0; Win64; x64) AppleWebKit/537.36 (KHTML, like Gecko)"}
{"ts":"2026-06-12T08:50:05.425Z","level":"info","message":"PATCH /pending/c5ced0f5-78db-472b-b349-caaf8b309f77/collect 200 824ms","ip":"::1","userId":"f437545e-506c-4352-8e9b-cd44eaf5218b","userAgent":"Mozilla/5.0 (Windows NT 10.0; Win64; x64) AppleWebKit/537.36 (KHTML, like Gecko)"}
{"ts":"2026-06-12T08:50:05.682Z","level":"info","message":"GET /pending/all 200 250ms","ip":"::1","userId":"f437545e-506c-4352-8e9b-cd44eaf5218b","userAgent":"Mozilla/5.0 (Windows NT 10.0; Win64; x64) AppleWebKit/537.36 (KHTML, like Gecko)"}
{"ts":"2026-06-12T08:51:07.980Z","level":"info","message":"GET / 304 955ms","ip":"::1","userId":"f437545e-506c-4352-8e9b-cd44eaf5218b","userAgent":"Mozilla/5.0 (Windows NT 10.0; Win64; x64) AppleWebKit/537.36 (KHTML, like Gecko)"}
{"ts":"2026-06-12T08:51:07.985Z","level":"info","message":"GET /pending/all 304 958ms","ip":"::1","userId":"f437545e-506c-4352-8e9b-cd44eaf5218b","userAgent":"Mozilla/5.0 (Windows NT 10.0; Win64; x64) AppleWebKit/537.36 (KHTML, like Gecko)"}
{"ts":"2026-06-12T08:51:08.239Z","level":"info","message":"GET / 304 253ms","ip":"::1","userId":"f437545e-506c-4352-8e9b-cd44eaf5218b","userAgent":"Mozilla/5.0 (Windows NT 10.0; Win64; x64) AppleWebKit/537.36 (KHTML, like Gecko)"}
{"ts":"2026-06-12T08:51:08.280Z","level":"info","message":"GET /pending/all 304 293ms","ip":"::1","userId":"f437545e-506c-4352-8e9b-cd44eaf5218b","userAgent":"Mozilla/5.0 (Windows NT 10.0; Win64; x64) AppleWebKit/537.36 (KHTML, like Gecko)"}
{"ts":"2026-06-12T08:51:15.062Z","level":"info","message":"GET / 304 546ms","ip":"::1","userId":"f437545e-506c-4352-8e9b-cd44eaf5218b","userAgent":"Mozilla/5.0 (Windows NT 10.0; Win64; x64) AppleWebKit/537.36 (KHTML, like Gecko)"}
{"ts":"2026-06-12T08:51:15.071Z","level":"info","message":"GET / 304 558ms","ip":"::1","userId":"f437545e-506c-4352-8e9b-cd44eaf5218b","userAgent":"Mozilla/5.0 (Windows NT 10.0; Win64; x64) AppleWebKit/537.36 (KHTML, like Gecko)"}
{"ts":"2026-06-12T08:51:15.254Z","level":"info","message":"GET / 304 190ms","ip":"::1","userId":"f437545e-506c-4352-8e9b-cd44eaf5218b","userAgent":"Mozilla/5.0 (Windows NT 10.0; Win64; x64) AppleWebKit/537.36 (KHTML, like Gecko)"}
{"ts":"2026-06-12T08:51:15.256Z","level":"info","message":"GET / 304 184ms","ip":"::1","userId":"f437545e-506c-4352-8e9b-cd44eaf5218b","userAgent":"Mozilla/5.0 (Windows NT 10.0; Win64; x64) AppleWebKit/537.36 (KHTML, like Gecko)"}
{"ts":"2026-06-12T08:51:16.572Z","level":"info","message":"GET /profit 304 405ms","ip":"::1","userId":"f437545e-506c-4352-8e9b-cd44eaf5218b","userAgent":"Mozilla/5.0 (Windows NT 10.0; Win64; x64) AppleWebKit/537.36 (KHTML, like Gecko)"}
{"ts":"2026-06-12T08:51:16.615Z","level":"info","message":"GET / 304 452ms","ip":"::1","userId":"f437545e-506c-4352-8e9b-cd44eaf5218b","userAgent":"Mozilla/5.0 (Windows NT 10.0; Win64; x64) AppleWebKit/537.36 (KHTML, like Gecko)"}
{"ts":"2026-06-12T08:51:16.623Z","level":"info","message":"GET /stats 200 468ms","ip":"::1","userId":"f437545e-506c-4352-8e9b-cd44eaf5218b","userAgent":"Mozilla/5.0 (Windows NT 10.0; Win64; x64) AppleWebKit/537.36 (KHTML, like Gecko)"}
{"ts":"2026-06-12T08:51:16.634Z","level":"info","message":"GET /pending/all 304 468ms","ip":"::1","userId":"f437545e-506c-4352-8e9b-cd44eaf5218b","userAgent":"Mozilla/5.0 (Windows NT 10.0; Win64; x64) AppleWebKit/537.36 (KHTML, like Gecko)"}
{"ts":"2026-06-12T08:51:16.800Z","level":"info","message":"GET / 304 182ms","ip":"::1","userId":"f437545e-506c-4352-8e9b-cd44eaf5218b","userAgent":"Mozilla/5.0 (Windows NT 10.0; Win64; x64) AppleWebKit/537.36 (KHTML, like Gecko)"}
{"ts":"2026-06-12T08:51:16.873Z","level":"info","message":"GET / 304 121ms","ip":"::1","userId":"f437545e-506c-4352-8e9b-cd44eaf5218b","userAgent":"Mozilla/5.0 (Windows NT 10.0; Win64; x64) AppleWebKit/537.36 (KHTML, like Gecko)"}
{"ts":"2026-06-12T08:51:16.897Z","level":"info","message":"GET / 304 96ms","ip":"::1","userId":"f437545e-506c-4352-8e9b-cd44eaf5218b","userAgent":"Mozilla/5.0 (Windows NT 10.0; Win64; x64) AppleWebKit/537.36 (KHTML, like Gecko)"}
{"ts":"2026-06-12T08:51:16.916Z","level":"info","message":"GET /stats 304 289ms","ip":"::1","userId":"f437545e-506c-4352-8e9b-cd44eaf5218b","userAgent":"Mozilla/5.0 (Windows NT 10.0; Win64; x64) AppleWebKit/537.36 (KHTML, like Gecko)"}
{"ts":"2026-06-12T08:51:16.921Z","level":"info","message":"GET /profit 304 346ms","ip":"::1","userId":"f437545e-506c-4352-8e9b-cd44eaf5218b","userAgent":"Mozilla/5.0 (Windows NT 10.0; Win64; x64) AppleWebKit/537.36 (KHTML, like Gecko)"}
{"ts":"2026-06-12T08:51:16.930Z","level":"info","message":"GET /visits 304 758ms","ip":"::1","userId":"f437545e-506c-4352-8e9b-cd44eaf5218b","userAgent":"Mozilla/5.0 (Windows NT 10.0; Win64; x64) AppleWebKit/537.36 (KHTML, like Gecko)"}
{"ts":"2026-06-12T08:51:16.931Z","level":"info","message":"GET /pending/all 304 295ms","ip":"::1","userId":"f437545e-506c-4352-8e9b-cd44eaf5218b","userAgent":"Mozilla/5.0 (Windows NT 10.0; Win64; x64) AppleWebKit/537.36 (KHTML, like Gecko)"}
{"ts":"2026-06-12T08:51:16.982Z","level":"info","message":"GET / 304 106ms","ip":"::1","userId":"f437545e-506c-4352-8e9b-cd44eaf5218b","userAgent":"Mozilla/5.0 (Windows NT 10.0; Win64; x64) AppleWebKit/537.36 (KHTML, like Gecko)"}
{"ts":"2026-06-12T08:51:17.013Z","level":"info","message":"GET / 304 114ms","ip":"::1","userId":"f437545e-506c-4352-8e9b-cd44eaf5218b","userAgent":"Mozilla/5.0 (Windows NT 10.0; Win64; x64) AppleWebKit/537.36 (KHTML, like Gecko)"}
{"ts":"2026-06-12T08:51:17.113Z","level":"info","message":"GET /visits 304 181ms","ip":"::1","userId":"f437545e-506c-4352-8e9b-cd44eaf5218b","userAgent":"Mozilla/5.0 (Windows NT 10.0; Win64; x64) AppleWebKit/537.36 (KHTML, like Gecko)"}
{"ts":"2026-06-12T08:51:17.294Z","level":"info","message":"GET / 304 97ms","ip":"::1","userId":"f437545e-506c-4352-8e9b-cd44eaf5218b","userAgent":"Mozilla/5.0 (Windows NT 10.0; Win64; x64) AppleWebKit/537.36 (KHTML, like Gecko)"}
{"ts":"2026-06-12T08:51:17.306Z","level":"info","message":"GET /pending/all 304 107ms","ip":"::1","userId":"f437545e-506c-4352-8e9b-cd44eaf5218b","userAgent":"Mozilla/5.0 (Windows NT 10.0; Win64; x64) AppleWebKit/537.36 (KHTML, like Gecko)"}
{"ts":"2026-06-12T08:51:17.412Z","level":"info","message":"GET / 304 109ms","ip":"::1","userId":"f437545e-506c-4352-8e9b-cd44eaf5218b","userAgent":"Mozilla/5.0 (Windows NT 10.0; Win64; x64) AppleWebKit/537.36 (KHTML, like Gecko)"}
{"ts":"2026-06-12T08:51:17.425Z","level":"info","message":"GET /pending/all 304 116ms","ip":"::1","userId":"f437545e-506c-4352-8e9b-cd44eaf5218b","userAgent":"Mozilla/5.0 (Windows NT 10.0; Win64; x64) AppleWebKit/537.36 (KHTML, like Gecko)"}
{"ts":"2026-06-12T08:51:17.754Z","level":"info","message":"GET / 304 99ms","ip":"::1","userId":"f437545e-506c-4352-8e9b-cd44eaf5218b","userAgent":"Mozilla/5.0 (Windows NT 10.0; Win64; x64) AppleWebKit/537.36 (KHTML, like Gecko)"}
{"ts":"2026-06-12T08:51:17.777Z","level":"info","message":"GET / 304 129ms","ip":"::1","userId":"f437545e-506c-4352-8e9b-cd44eaf5218b","userAgent":"Mozilla/5.0 (Windows NT 10.0; Win64; x64) AppleWebKit/537.36 (KHTML, like Gecko)"}
{"ts":"2026-06-12T08:51:17.881Z","level":"info","message":"GET / 304 124ms","ip":"::1","userId":"f437545e-506c-4352-8e9b-cd44eaf5218b","userAgent":"Mozilla/5.0 (Windows NT 10.0; Win64; x64) AppleWebKit/537.36 (KHTML, like Gecko)"}
{"ts":"2026-06-12T08:51:17.886Z","level":"info","message":"GET / 304 106ms","ip":"::1","userId":"f437545e-506c-4352-8e9b-cd44eaf5218b","userAgent":"Mozilla/5.0 (Windows NT 10.0; Win64; x64) AppleWebKit/537.36 (KHTML, like Gecko)"}
{"ts":"2026-06-12T08:51:18.248Z","level":"info","message":"GET /stats 304 205ms","ip":"::1","userId":"f437545e-506c-4352-8e9b-cd44eaf5218b","userAgent":"Mozilla/5.0 (Windows NT 10.0; Win64; x64) AppleWebKit/537.36 (KHTML, like Gecko)"}
{"ts":"2026-06-12T08:51:18.274Z","level":"info","message":"GET /visits 304 215ms","ip":"::1","userId":"f437545e-506c-4352-8e9b-cd44eaf5218b","userAgent":"Mozilla/5.0 (Windows NT 10.0; Win64; x64) AppleWebKit/537.36 (KHTML, like Gecko)"}
{"ts":"2026-06-12T08:51:18.275Z","level":"info","message":"GET /pending/all 304 222ms","ip":"::1","userId":"f437545e-506c-4352-8e9b-cd44eaf5218b","userAgent":"Mozilla/5.0 (Windows NT 10.0; Win64; x64) AppleWebKit/537.36 (KHTML, like Gecko)"}
{"ts":"2026-06-12T08:51:18.277Z","level":"info","message":"GET / 304 225ms","ip":"::1","userId":"f437545e-506c-4352-8e9b-cd44eaf5218b","userAgent":"Mozilla/5.0 (Windows NT 10.0; Win64; x64) AppleWebKit/537.36 (KHTML, like Gecko)"}
{"ts":"2026-06-12T08:51:18.329Z","level":"info","message":"GET /profit 304 275ms","ip":"::1","userId":"f437545e-506c-4352-8e9b-cd44eaf5218b","userAgent":"Mozilla/5.0 (Windows NT 10.0; Win64; x64) AppleWebKit/537.36 (KHTML, like Gecko)"}
{"ts":"2026-06-12T08:51:18.382Z","level":"info","message":"GET / 304 100ms","ip":"::1","userId":"f437545e-506c-4352-8e9b-cd44eaf5218b","userAgent":"Mozilla/5.0 (Windows NT 10.0; Win64; x64) AppleWebKit/537.36 (KHTML, like Gecko)"}
{"ts":"2026-06-12T08:51:18.426Z","level":"info","message":"GET /stats 304 177ms","ip":"::1","userId":"f437545e-506c-4352-8e9b-cd44eaf5218b","userAgent":"Mozilla/5.0 (Windows NT 10.0; Win64; x64) AppleWebKit/537.36 (KHTML, like Gecko)"}
{"ts":"2026-06-12T08:51:18.453Z","level":"info","message":"GET /visits 304 177ms","ip":"::1","userId":"f437545e-506c-4352-8e9b-cd44eaf5218b","userAgent":"Mozilla/5.0 (Windows NT 10.0; Win64; x64) AppleWebKit/537.36 (KHTML, like Gecko)"}
{"ts":"2026-06-12T08:51:18.470Z","level":"info","message":"GET /pending/all 304 191ms","ip":"::1","userId":"f437545e-506c-4352-8e9b-cd44eaf5218b","userAgent":"Mozilla/5.0 (Windows NT 10.0; Win64; x64) AppleWebKit/537.36 (KHTML, like Gecko)"}
{"ts":"2026-06-12T08:51:18.510Z","level":"info","message":"GET /profit 304 178ms","ip":"::1","userId":"f437545e-506c-4352-8e9b-cd44eaf5218b","userAgent":"Mozilla/5.0 (Windows NT 10.0; Win64; x64) AppleWebKit/537.36 (KHTML, like Gecko)"}
{"ts":"2026-06-12T08:51:19.142Z","level":"info","message":"GET / 304 97ms","ip":"::1","userId":"f437545e-506c-4352-8e9b-cd44eaf5218b","userAgent":"Mozilla/5.0 (Windows NT 10.0; Win64; x64) AppleWebKit/537.36 (KHTML, like Gecko)"}
{"ts":"2026-06-12T08:51:19.154Z","level":"info","message":"GET / 304 110ms","ip":"::1","userId":"f437545e-506c-4352-8e9b-cd44eaf5218b","userAgent":"Mozilla/5.0 (Windows NT 10.0; Win64; x64) AppleWebKit/537.36 (KHTML, like Gecko)"}
{"ts":"2026-06-12T08:51:19.255Z","level":"info","message":"GET / 304 99ms","ip":"::1","userId":"f437545e-506c-4352-8e9b-cd44eaf5218b","userAgent":"Mozilla/5.0 (Windows NT 10.0; Win64; x64) AppleWebKit/537.36 (KHTML, like Gecko)"}
{"ts":"2026-06-12T08:51:19.257Z","level":"info","message":"GET / 304 114ms","ip":"::1","userId":"f437545e-506c-4352-8e9b-cd44eaf5218b","userAgent":"Mozilla/5.0 (Windows NT 10.0; Win64; x64) AppleWebKit/537.36 (KHTML, like Gecko)"}
{"ts":"2026-06-12T08:51:19.793Z","level":"info","message":"GET /pending/all 304 98ms","ip":"::1","userId":"f437545e-506c-4352-8e9b-cd44eaf5218b","userAgent":"Mozilla/5.0 (Windows NT 10.0; Win64; x64) AppleWebKit/537.36 (KHTML, like Gecko)"}
{"ts":"2026-06-12T08:51:19.795Z","level":"info","message":"GET / 304 99ms","ip":"::1","userId":"f437545e-506c-4352-8e9b-cd44eaf5218b","userAgent":"Mozilla/5.0 (Windows NT 10.0; Win64; x64) AppleWebKit/537.36 (KHTML, like Gecko)"}
{"ts":"2026-06-12T08:51:19.911Z","level":"info","message":"GET /pending/all 304 113ms","ip":"::1","userId":"f437545e-506c-4352-8e9b-cd44eaf5218b","userAgent":"Mozilla/5.0 (Windows NT 10.0; Win64; x64) AppleWebKit/537.36 (KHTML, like Gecko)"}
{"ts":"2026-06-12T08:51:19.915Z","level":"info","message":"GET / 304 116ms","ip":"::1","userId":"f437545e-506c-4352-8e9b-cd44eaf5218b","userAgent":"Mozilla/5.0 (Windows NT 10.0; Win64; x64) AppleWebKit/537.36 (KHTML, like Gecko)"}
{"ts":"2026-06-12T08:51:21.478Z","level":"info","message":"GET /pending/all 304 302ms","ip":"::1","userId":"f437545e-506c-4352-8e9b-cd44eaf5218b","userAgent":"Mozilla/5.0 (Windows NT 10.0; Win64; x64) AppleWebKit/537.36 (KHTML, like Gecko)"}
{"ts":"2026-06-12T08:51:21.582Z","level":"info","message":"GET /pending/all 304 100ms","ip":"::1","userId":"f437545e-506c-4352-8e9b-cd44eaf5218b","userAgent":"Mozilla/5.0 (Windows NT 10.0; Win64; x64) AppleWebKit/537.36 (KHTML, like Gecko)"}
{"ts":"2026-06-12T08:51:22.020Z","level":"info","message":"GET / 304 117ms","ip":"::1","userId":"f437545e-506c-4352-8e9b-cd44eaf5218b","userAgent":"Mozilla/5.0 (Windows NT 10.0; Win64; x64) AppleWebKit/537.36 (KHTML, like Gecko)"}
{"ts":"2026-06-12T08:51:22.022Z","level":"info","message":"GET /pending/all 304 116ms","ip":"::1","userId":"f437545e-506c-4352-8e9b-cd44eaf5218b","userAgent":"Mozilla/5.0 (Windows NT 10.0; Win64; x64) AppleWebKit/537.36 (KHTML, like Gecko)"}
{"ts":"2026-06-12T08:51:22.128Z","level":"info","message":"GET / 304 103ms","ip":"::1","userId":"f437545e-506c-4352-8e9b-cd44eaf5218b","userAgent":"Mozilla/5.0 (Windows NT 10.0; Win64; x64) AppleWebKit/537.36 (KHTML, like Gecko)"}
{"ts":"2026-06-12T08:51:22.145Z","level":"info","message":"GET /pending/all 304 118ms","ip":"::1","userId":"f437545e-506c-4352-8e9b-cd44eaf5218b","userAgent":"Mozilla/5.0 (Windows NT 10.0; Win64; x64) AppleWebKit/537.36 (KHTML, like Gecko)"}
{"ts":"2026-06-12T08:51:22.542Z","level":"info","message":"GET / 304 93ms","ip":"::1","userId":"f437545e-506c-4352-8e9b-cd44eaf5218b","userAgent":"Mozilla/5.0 (Windows NT 10.0; Win64; x64) AppleWebKit/537.36 (KHTML, like Gecko)"}
{"ts":"2026-06-12T08:51:22.556Z","level":"info","message":"GET / 304 102ms","ip":"::1","userId":"f437545e-506c-4352-8e9b-cd44eaf5218b","userAgent":"Mozilla/5.0 (Windows NT 10.0; Win64; x64) AppleWebKit/537.36 (KHTML, like Gecko)"}
{"ts":"2026-06-12T08:51:22.659Z","level":"info","message":"GET / 304 114ms","ip":"::1","userId":"f437545e-506c-4352-8e9b-cd44eaf5218b","userAgent":"Mozilla/5.0 (Windows NT 10.0; Win64; x64) AppleWebKit/537.36 (KHTML, like Gecko)"}
{"ts":"2026-06-12T08:51:22.673Z","level":"info","message":"GET / 304 113ms","ip":"::1","userId":"f437545e-506c-4352-8e9b-cd44eaf5218b","userAgent":"Mozilla/5.0 (Windows NT 10.0; Win64; x64) AppleWebKit/537.36 (KHTML, like Gecko)"}
{"ts":"2026-06-12T08:51:22.967Z","level":"info","message":"GET /pending/all 304 108ms","ip":"::1","userId":"f437545e-506c-4352-8e9b-cd44eaf5218b","userAgent":"Mozilla/5.0 (Windows NT 10.0; Win64; x64) AppleWebKit/537.36 (KHTML, like Gecko)"}
{"ts":"2026-06-12T08:51:23.028Z","level":"info","message":"GET / 304 160ms","ip":"::1","userId":"f437545e-506c-4352-8e9b-cd44eaf5218b","userAgent":"Mozilla/5.0 (Windows NT 10.0; Win64; x64) AppleWebKit/537.36 (KHTML, like Gecko)"}
{"ts":"2026-06-12T08:51:23.042Z","level":"info","message":"GET /visits 304 166ms","ip":"::1","userId":"f437545e-506c-4352-8e9b-cd44eaf5218b","userAgent":"Mozilla/5.0 (Windows NT 10.0; Win64; x64) AppleWebKit/537.36 (KHTML, like Gecko)"}
{"ts":"2026-06-12T08:51:23.081Z","level":"info","message":"GET /pending/all 304 110ms","ip":"::1","userId":"f437545e-506c-4352-8e9b-cd44eaf5218b","userAgent":"Mozilla/5.0 (Windows NT 10.0; Win64; x64) AppleWebKit/537.36 (KHTML, like Gecko)"}
{"ts":"2026-06-12T08:51:23.110Z","level":"info","message":"GET /profit 304 240ms","ip":"::1","userId":"f437545e-506c-4352-8e9b-cd44eaf5218b","userAgent":"Mozilla/5.0 (Windows NT 10.0; Win64; x64) AppleWebKit/537.36 (KHTML, like Gecko)"}
{"ts":"2026-06-12T08:51:23.124Z","level":"info","message":"GET /stats 304 263ms","ip":"::1","userId":"f437545e-506c-4352-8e9b-cd44eaf5218b","userAgent":"Mozilla/5.0 (Windows NT 10.0; Win64; x64) AppleWebKit/537.36 (KHTML, like Gecko)"}
{"ts":"2026-06-12T08:51:23.152Z","level":"info","message":"GET /visits 304 109ms","ip":"::1","userId":"f437545e-506c-4352-8e9b-cd44eaf5218b","userAgent":"Mozilla/5.0 (Windows NT 10.0; Win64; x64) AppleWebKit/537.36 (KHTML, like Gecko)"}
{"ts":"2026-06-12T08:51:23.164Z","level":"info","message":"GET / 304 132ms","ip":"::1","userId":"f437545e-506c-4352-8e9b-cd44eaf5218b","userAgent":"Mozilla/5.0 (Windows NT 10.0; Win64; x64) AppleWebKit/537.36 (KHTML, like Gecko)"}
{"ts":"2026-06-12T08:51:23.290Z","level":"info","message":"GET /profit 304 178ms","ip":"::1","userId":"f437545e-506c-4352-8e9b-cd44eaf5218b","userAgent":"Mozilla/5.0 (Windows NT 10.0; Win64; x64) AppleWebKit/537.36 (KHTML, like Gecko)"}
{"ts":"2026-06-12T08:51:23.375Z","level":"info","message":"GET /stats 304 248ms","ip":"::1","userId":"f437545e-506c-4352-8e9b-cd44eaf5218b","userAgent":"Mozilla/5.0 (Windows NT 10.0; Win64; x64) AppleWebKit/537.36 (KHTML, like Gecko)"}
{"ts":"2026-06-12T08:51:28.302Z","level":"info","message":"POST /login 200 395ms","ip":"::1","userAgent":"Mozilla/5.0 (Windows NT 10.0; Win64; x64) AppleWebKit/537.36 (KHTML, like Gecko)"}
{"ts":"2026-06-12T08:51:28.500Z","level":"info","message":"GET / 304 175ms","ip":"::1","userId":"0c544294-e96b-4556-a5b2-a9af18dfcdcc","userAgent":"Mozilla/5.0 (Windows NT 10.0; Win64; x64) AppleWebKit/537.36 (KHTML, like Gecko)"}
{"ts":"2026-06-12T08:51:28.589Z","level":"info","message":"GET /profit 304 263ms","ip":"::1","userId":"0c544294-e96b-4556-a5b2-a9af18dfcdcc","userAgent":"Mozilla/5.0 (Windows NT 10.0; Win64; x64) AppleWebKit/537.36 (KHTML, like Gecko)"}
{"ts":"2026-06-12T08:51:28.694Z","level":"info","message":"GET / 304 183ms","ip":"::1","userId":"0c544294-e96b-4556-a5b2-a9af18dfcdcc","userAgent":"Mozilla/5.0 (Windows NT 10.0; Win64; x64) AppleWebKit/537.36 (KHTML, like Gecko)"}
{"ts":"2026-06-12T08:51:28.854Z","level":"info","message":"GET /visits 304 520ms","ip":"::1","userId":"0c544294-e96b-4556-a5b2-a9af18dfcdcc","userAgent":"Mozilla/5.0 (Windows NT 10.0; Win64; x64) AppleWebKit/537.36 (KHTML, like Gecko)"}
{"ts":"2026-06-12T08:51:28.858Z","level":"info","message":"GET /stats 304 542ms","ip":"::1","userId":"0c544294-e96b-4556-a5b2-a9af18dfcdcc","userAgent":"Mozilla/5.0 (Windows NT 10.0; Win64; x64) AppleWebKit/537.36 (KHTML, like Gecko)"}
{"ts":"2026-06-12T08:51:28.873Z","level":"info","message":"GET /pending/all 304 551ms","ip":"::1","userId":"0c544294-e96b-4556-a5b2-a9af18dfcdcc","userAgent":"Mozilla/5.0 (Windows NT 10.0; Win64; x64) AppleWebKit/537.36 (KHTML, like Gecko)"}
{"ts":"2026-06-12T08:51:28.883Z","level":"info","message":"GET /profit 304 289ms","ip":"::1","userId":"0c544294-e96b-4556-a5b2-a9af18dfcdcc","userAgent":"Mozilla/5.0 (Windows NT 10.0; Win64; x64) AppleWebKit/537.36 (KHTML, like Gecko)"}
{"ts":"2026-06-12T08:51:29.041Z","level":"info","message":"GET /visits 304 179ms","ip":"::1","userId":"0c544294-e96b-4556-a5b2-a9af18dfcdcc","userAgent":"Mozilla/5.0 (Windows NT 10.0; Win64; x64) AppleWebKit/537.36 (KHTML, like Gecko)"}
{"ts":"2026-06-12T08:51:29.051Z","level":"info","message":"GET /pending/all 304 175ms","ip":"::1","userId":"0c544294-e96b-4556-a5b2-a9af18dfcdcc","userAgent":"Mozilla/5.0 (Windows NT 10.0; Win64; x64) AppleWebKit/537.36 (KHTML, like Gecko)"}
{"ts":"2026-06-12T08:51:29.108Z","level":"info","message":"GET /stats 304 244ms","ip":"::1","userId":"0c544294-e96b-4556-a5b2-a9af18dfcdcc","userAgent":"Mozilla/5.0 (Windows NT 10.0; Win64; x64) AppleWebKit/537.36 (KHTML, like Gecko)"}
{"ts":"2026-06-12T08:51:33.471Z","level":"info","message":"GET / 304 183ms","ip":"::1","userId":"0c544294-e96b-4556-a5b2-a9af18dfcdcc","userAgent":"Mozilla/5.0 (Windows NT 10.0; Win64; x64) AppleWebKit/537.36 (KHTML, like Gecko)"}
{"ts":"2026-06-12T08:51:33.584Z","level":"info","message":"GET / 304 109ms","ip":"::1","userId":"0c544294-e96b-4556-a5b2-a9af18dfcdcc","userAgent":"Mozilla/5.0 (Windows NT 10.0; Win64; x64) AppleWebKit/537.36 (KHTML, like Gecko)"}
{"ts":"2026-06-12T08:51:38.838Z","level":"warn","message":"GET /api/reports/reminder_logs 404 1ms","ip":"::1","userAgent":"Mozilla/5.0 (Windows NT 10.0; Win64; x64) AppleWebKit/537.36 (KHTML, like Gecko)"}
{"ts":"2026-06-12T08:51:38.839Z","level":"warn","message":"GET /api/reports/reminder_logs 404 0ms","ip":"::1","userAgent":"Mozilla/5.0 (Windows NT 10.0; Win64; x64) AppleWebKit/537.36 (KHTML, like Gecko)"}
{"ts":"2026-06-12T08:51:39.080Z","level":"info","message":"GET /pending/all 304 255ms","ip":"::1","userId":"0c544294-e96b-4556-a5b2-a9af18dfcdcc","userAgent":"Mozilla/5.0 (Windows NT 10.0; Win64; x64) AppleWebKit/537.36 (KHTML, like Gecko)"}
{"ts":"2026-06-12T08:51:39.225Z","level":"info","message":"GET /pending/all 304 141ms","ip":"::1","userId":"0c544294-e96b-4556-a5b2-a9af18dfcdcc","userAgent":"Mozilla/5.0 (Windows NT 10.0; Win64; x64) AppleWebKit/537.36 (KHTML, like Gecko)"}
{"ts":"2026-06-12T08:52:21.019Z","level":"warn","message":"GET /api/reports/top_products 404 1ms","ip":"::1","userAgent":"Mozilla/5.0 (Windows NT 10.0; Win64; x64) AppleWebKit/537.36 (KHTML, like Gecko)"}
{"ts":"2026-06-12T08:52:21.025Z","level":"warn","message":"GET /api/reports/summary 404 1ms","ip":"::1","userAgent":"Mozilla/5.0 (Windows NT 10.0; Win64; x64) AppleWebKit/537.36 (KHTML, like Gecko)"}
{"ts":"2026-06-12T08:52:21.027Z","level":"warn","message":"GET /api/reports/top_products 404 1ms","ip":"::1","userAgent":"Mozilla/5.0 (Windows NT 10.0; Win64; x64) AppleWebKit/537.36 (KHTML, like Gecko)"}
{"ts":"2026-06-12T08:52:21.028Z","level":"warn","message":"GET /api/reports/summary 404 0ms","ip":"::1","userAgent":"Mozilla/5.0 (Windows NT 10.0; Win64; x64) AppleWebKit/537.36 (KHTML, like Gecko)"}
{"ts":"2026-06-12T08:52:22.175Z","level":"info","message":"GET /pending/all 304 683ms","ip":"::1","userId":"0c544294-e96b-4556-a5b2-a9af18dfcdcc","userAgent":"Mozilla/5.0 (Windows NT 10.0; Win64; x64) AppleWebKit/537.36 (KHTML, like Gecko)"}
{"ts":"2026-06-12T08:52:22.223Z","level":"info","message":"GET /profit 304 1229ms","ip":"::1","userId":"0c544294-e96b-4556-a5b2-a9af18dfcdcc","userAgent":"Mozilla/5.0 (Windows NT 10.0; Win64; x64) AppleWebKit/537.36 (KHTML, like Gecko)"}
{"ts":"2026-06-12T08:52:22.234Z","level":"info","message":"GET /profit 200 1222ms","ip":"::1","userId":"0c544294-e96b-4556-a5b2-a9af18dfcdcc","userAgent":"Mozilla/5.0 (Windows NT 10.0; Win64; x64) AppleWebKit/537.36 (KHTML, like Gecko)"}
{"ts":"2026-06-12T08:52:22.570Z","level":"info","message":"GET /pending/all 304 391ms","ip":"::1","userId":"0c544294-e96b-4556-a5b2-a9af18dfcdcc","userAgent":"Mozilla/5.0 (Windows NT 10.0; Win64; x64) AppleWebKit/537.36 (KHTML, like Gecko)"}
{"ts":"2026-06-12T08:52:22.752Z","level":"info","message":"GET /profit 304 526ms","ip":"::1","userId":"0c544294-e96b-4556-a5b2-a9af18dfcdcc","userAgent":"Mozilla/5.0 (Windows NT 10.0; Win64; x64) AppleWebKit/537.36 (KHTML, like Gecko)"}
{"ts":"2026-06-12T08:52:22.760Z","level":"info","message":"GET /profit 304 524ms","ip":"::1","userId":"0c544294-e96b-4556-a5b2-a9af18dfcdcc","userAgent":"Mozilla/5.0 (Windows NT 10.0; Win64; x64) AppleWebKit/537.36 (KHTML, like Gecko)"}
{"ts":"2026-06-12T08:52:22.867Z","level":"info","message":"GET / 304 124ms","ip":"::1","userId":"0c544294-e96b-4556-a5b2-a9af18dfcdcc","userAgent":"Mozilla/5.0 (Windows NT 10.0; Win64; x64) AppleWebKit/537.36 (KHTML, like Gecko)"}
{"ts":"2026-06-12T08:52:23.001Z","level":"info","message":"GET / 304 129ms","ip":"::1","userId":"0c544294-e96b-4556-a5b2-a9af18dfcdcc","userAgent":"Mozilla/5.0 (Windows NT 10.0; Win64; x64) AppleWebKit/537.36 (KHTML, like Gecko)"}
{"ts":"2026-06-12T08:52:23.390Z","level":"info","message":"GET / 304 114ms","ip":"::1","userId":"0c544294-e96b-4556-a5b2-a9af18dfcdcc","userAgent":"Mozilla/5.0 (Windows NT 10.0; Win64; x64) AppleWebKit/537.36 (KHTML, like Gecko)"}
{"ts":"2026-06-12T08:52:23.424Z","level":"info","message":"GET /pending/all 304 150ms","ip":"::1","userId":"0c544294-e96b-4556-a5b2-a9af18dfcdcc","userAgent":"Mozilla/5.0 (Windows NT 10.0; Win64; x64) AppleWebKit/537.36 (KHTML, like Gecko)"}
{"ts":"2026-06-12T08:52:23.537Z","level":"info","message":"GET / 304 144ms","ip":"::1","userId":"0c544294-e96b-4556-a5b2-a9af18dfcdcc","userAgent":"Mozilla/5.0 (Windows NT 10.0; Win64; x64) AppleWebKit/537.36 (KHTML, like Gecko)"}
{"ts":"2026-06-12T08:52:23.582Z","level":"info","message":"GET /pending/all 304 154ms","ip":"::1","userId":"0c544294-e96b-4556-a5b2-a9af18dfcdcc","userAgent":"Mozilla/5.0 (Windows NT 10.0; Win64; x64) AppleWebKit/537.36 (KHTML, like Gecko)"}
{"ts":"2026-06-12T08:52:24.043Z","level":"info","message":"GET / 304 112ms","ip":"::1","userId":"0c544294-e96b-4556-a5b2-a9af18dfcdcc","userAgent":"Mozilla/5.0 (Windows NT 10.0; Win64; x64) AppleWebKit/537.36 (KHTML, like Gecko)"}
{"ts":"2026-06-12T08:52:24.051Z","level":"info","message":"GET / 304 119ms","ip":"::1","userId":"0c544294-e96b-4556-a5b2-a9af18dfcdcc","userAgent":"Mozilla/5.0 (Windows NT 10.0; Win64; x64) AppleWebKit/537.36 (KHTML, like Gecko)"}
{"ts":"2026-06-12T08:52:24.137Z","level":"info","message":"GET / 304 90ms","ip":"::1","userId":"0c544294-e96b-4556-a5b2-a9af18dfcdcc","userAgent":"Mozilla/5.0 (Windows NT 10.0; Win64; x64) AppleWebKit/537.36 (KHTML, like Gecko)"}
{"ts":"2026-06-12T08:52:24.167Z","level":"info","message":"GET / 304 110ms","ip":"::1","userId":"0c544294-e96b-4556-a5b2-a9af18dfcdcc","userAgent":"Mozilla/5.0 (Windows NT 10.0; Win64; x64) AppleWebKit/537.36 (KHTML, like Gecko)"}
{"ts":"2026-06-12T08:53:55.443Z","level":"info","message":"GET / 304 5167ms","ip":"::1","userId":"0c544294-e96b-4556-a5b2-a9af18dfcdcc","userAgent":"Mozilla/5.0 (Windows NT 10.0; Win64; x64) AppleWebKit/537.36 (KHTML, like Gecko)"}
{"ts":"2026-06-12T08:53:55.452Z","level":"info","message":"GET /visits 304 5167ms","ip":"::1","userId":"0c544294-e96b-4556-a5b2-a9af18dfcdcc","userAgent":"Mozilla/5.0 (Windows NT 10.0; Win64; x64) AppleWebKit/537.36 (KHTML, like Gecko)"}
{"ts":"2026-06-12T08:53:55.523Z","level":"info","message":"GET /stats 304 5257ms","ip":"::1","userId":"0c544294-e96b-4556-a5b2-a9af18dfcdcc","userAgent":"Mozilla/5.0 (Windows NT 10.0; Win64; x64) AppleWebKit/537.36 (KHTML, like Gecko)"}
{"ts":"2026-06-12T08:53:55.542Z","level":"info","message":"GET /pending/all 304 5266ms","ip":"::1","userId":"0c544294-e96b-4556-a5b2-a9af18dfcdcc","userAgent":"Mozilla/5.0 (Windows NT 10.0; Win64; x64) AppleWebKit/537.36 (KHTML, like Gecko)"}
{"ts":"2026-06-12T08:53:55.545Z","level":"info","message":"GET /profit 304 5267ms","ip":"::1","userId":"0c544294-e96b-4556-a5b2-a9af18dfcdcc","userAgent":"Mozilla/5.0 (Windows NT 10.0; Win64; x64) AppleWebKit/537.36 (KHTML, like Gecko)"}
{"ts":"2026-06-12T08:53:55.589Z","level":"info","message":"GET /visits 304 134ms","ip":"::1","userId":"0c544294-e96b-4556-a5b2-a9af18dfcdcc","userAgent":"Mozilla/5.0 (Windows NT 10.0; Win64; x64) AppleWebKit/537.36 (KHTML, like Gecko)"}
{"ts":"2026-06-12T08:53:55.924Z","level":"info","message":"GET / 304 478ms","ip":"::1","userId":"0c544294-e96b-4556-a5b2-a9af18dfcdcc","userAgent":"Mozilla/5.0 (Windows NT 10.0; Win64; x64) AppleWebKit/537.36 (KHTML, like Gecko)"}
{"ts":"2026-06-12T08:53:56.057Z","level":"info","message":"GET /stats 304 531ms","ip":"::1","userId":"0c544294-e96b-4556-a5b2-a9af18dfcdcc","userAgent":"Mozilla/5.0 (Windows NT 10.0; Win64; x64) AppleWebKit/537.36 (KHTML, like Gecko)"}
{"ts":"2026-06-12T08:53:56.089Z","level":"info","message":"GET /pending/all 304 542ms","ip":"::1","userId":"0c544294-e96b-4556-a5b2-a9af18dfcdcc","userAgent":"Mozilla/5.0 (Windows NT 10.0; Win64; x64) AppleWebKit/537.36 (KHTML, like Gecko)"}
{"ts":"2026-06-12T08:53:56.096Z","level":"info","message":"GET /profit 304 547ms","ip":"::1","userId":"0c544294-e96b-4556-a5b2-a9af18dfcdcc","userAgent":"Mozilla/5.0 (Windows NT 10.0; Win64; x64) AppleWebKit/537.36 (KHTML, like Gecko)"}
{"ts":"2026-06-12T08:53:56.347Z","level":"info","message":"GET /pending/all 304 255ms","ip":"::1","userId":"0c544294-e96b-4556-a5b2-a9af18dfcdcc","userAgent":"Mozilla/5.0 (Windows NT 10.0; Win64; x64) AppleWebKit/537.36 (KHTML, like Gecko)"}
{"ts":"2026-06-12T08:53:56.567Z","level":"info","message":"GET /pending/all 304 216ms","ip":"::1","userId":"0c544294-e96b-4556-a5b2-a9af18dfcdcc","userAgent":"Mozilla/5.0 (Windows NT 10.0; Win64; x64) AppleWebKit/537.36 (KHTML, like Gecko)"}
{"ts":"2026-06-12T08:54:03.892Z","level":"info","message":"GET /pending/all 304 548ms","ip":"::1","userId":"0c544294-e96b-4556-a5b2-a9af18dfcdcc","userAgent":"Mozilla/5.0 (Windows NT 10.0; Win64; x64) AppleWebKit/537.36 (KHTML, like Gecko)"}
{"ts":"2026-06-12T08:54:04.646Z","level":"info","message":"PATCH /pending/c5ced0f5-78db-472b-b349-caaf8b309f77/collect 200 748ms","ip":"::1","userId":"0c544294-e96b-4556-a5b2-a9af18dfcdcc","userAgent":"Mozilla/5.0 (Windows NT 10.0; Win64; x64) AppleWebKit/537.36 (KHTML, like Gecko)"}
{"ts":"2026-06-12T08:54:04.901Z","level":"info","message":"GET /pending/all 200 243ms","ip":"::1","userId":"0c544294-e96b-4556-a5b2-a9af18dfcdcc","userAgent":"Mozilla/5.0 (Windows NT 10.0; Win64; x64) AppleWebKit/537.36 (KHTML, like Gecko)"}
{"ts":"2026-06-12T08:56:18.111Z","level":"info","message":"GET /pending/all 304 1368ms","ip":"::1","userId":"0c544294-e96b-4556-a5b2-a9af18dfcdcc","userAgent":"Mozilla/5.0 (Windows NT 10.0; Win64; x64) AppleWebKit/537.36 (KHTML, like Gecko)"}
{"ts":"2026-06-12T08:56:18.400Z","level":"info","message":"GET /pending/all 304 283ms","ip":"::1","userId":"0c544294-e96b-4556-a5b2-a9af18dfcdcc","userAgent":"Mozilla/5.0 (Windows NT 10.0; Win64; x64) AppleWebKit/537.36 (KHTML, like Gecko)"}
{"ts":"2026-06-12T08:58:25.487Z","level":"info","message":"GET /visits 304 1303ms","ip":"::1","userId":"0c544294-e96b-4556-a5b2-a9af18dfcdcc","userAgent":"Mozilla/5.0 (Windows NT 10.0; Win64; x64) AppleWebKit/537.36 (KHTML, like Gecko)"}
{"ts":"2026-06-12T08:58:25.544Z","level":"info","message":"GET /pending/all 304 1371ms","ip":"::1","userId":"0c544294-e96b-4556-a5b2-a9af18dfcdcc","userAgent":"Mozilla/5.0 (Windows NT 10.0; Win64; x64) AppleWebKit/537.36 (KHTML, like Gecko)"}
{"ts":"2026-06-12T08:58:25.566Z","level":"info","message":"GET /stats 200 1401ms","ip":"::1","userId":"0c544294-e96b-4556-a5b2-a9af18dfcdcc","userAgent":"Mozilla/5.0 (Windows NT 10.0; Win64; x64) AppleWebKit/537.36 (KHTML, like Gecko)"}
{"ts":"2026-06-12T08:58:25.581Z","level":"info","message":"GET /profit 304 1406ms","ip":"::1","userId":"0c544294-e96b-4556-a5b2-a9af18dfcdcc","userAgent":"Mozilla/5.0 (Windows NT 10.0; Win64; x64) AppleWebKit/537.36 (KHTML, like Gecko)"}
{"ts":"2026-06-12T08:58:25.582Z","level":"info","message":"GET / 304 1411ms","ip":"::1","userId":"0c544294-e96b-4556-a5b2-a9af18dfcdcc","userAgent":"Mozilla/5.0 (Windows NT 10.0; Win64; x64) AppleWebKit/537.36 (KHTML, like Gecko)"}
{"ts":"2026-06-12T08:58:25.621Z","level":"info","message":"GET /visits 304 128ms","ip":"::1","userId":"0c544294-e96b-4556-a5b2-a9af18dfcdcc","userAgent":"Mozilla/5.0 (Windows NT 10.0; Win64; x64) AppleWebKit/537.36 (KHTML, like Gecko)"}
{"ts":"2026-06-12T08:58:25.851Z","level":"info","message":"GET /pending/all 304 302ms","ip":"::1","userId":"0c544294-e96b-4556-a5b2-a9af18dfcdcc","userAgent":"Mozilla/5.0 (Windows NT 10.0; Win64; x64) AppleWebKit/537.36 (KHTML, like Gecko)"}
{"ts":"2026-06-12T08:58:25.884Z","level":"info","message":"GET / 304 298ms","ip":"::1","userId":"0c544294-e96b-4556-a5b2-a9af18dfcdcc","userAgent":"Mozilla/5.0 (Windows NT 10.0; Win64; x64) AppleWebKit/537.36 (KHTML, like Gecko)"}
{"ts":"2026-06-12T08:58:25.988Z","level":"info","message":"GET /profit 304 404ms","ip":"::1","userId":"0c544294-e96b-4556-a5b2-a9af18dfcdcc","userAgent":"Mozilla/5.0 (Windows NT 10.0; Win64; x64) AppleWebKit/537.36 (KHTML, like Gecko)"}
{"ts":"2026-06-12T08:58:25.999Z","level":"info","message":"GET /stats 304 430ms","ip":"::1","userId":"0c544294-e96b-4556-a5b2-a9af18dfcdcc","userAgent":"Mozilla/5.0 (Windows NT 10.0; Win64; x64) AppleWebKit/537.36 (KHTML, like Gecko)"}
{"ts":"2026-06-12T08:58:27.138Z","level":"info","message":"GET /pending/all 304 108ms","ip":"::1","userId":"0c544294-e96b-4556-a5b2-a9af18dfcdcc","userAgent":"Mozilla/5.0 (Windows NT 10.0; Win64; x64) AppleWebKit/537.36 (KHTML, like Gecko)"}
{"ts":"2026-06-12T08:58:27.284Z","level":"info","message":"GET /pending/all 304 144ms","ip":"::1","userId":"0c544294-e96b-4556-a5b2-a9af18dfcdcc","userAgent":"Mozilla/5.0 (Windows NT 10.0; Win64; x64) AppleWebKit/537.36 (KHTML, like Gecko)"}
{"ts":"2026-06-12T08:58:33.717Z","level":"info","message":"GET /pending/all 304 270ms","ip":"::1","userId":"0c544294-e96b-4556-a5b2-a9af18dfcdcc","userAgent":"Mozilla/5.0 (Windows NT 10.0; Win64; x64) AppleWebKit/537.36 (KHTML, like Gecko)"}
{"ts":"2026-06-12T08:58:34.390Z","level":"info","message":"PATCH /pending/c5ced0f5-78db-472b-b349-caaf8b309f77/collect 200 666ms","ip":"::1","userId":"0c544294-e96b-4556-a5b2-a9af18dfcdcc","userAgent":"Mozilla/5.0 (Windows NT 10.0; Win64; x64) AppleWebKit/537.36 (KHTML, like Gecko)"}
{"ts":"2026-06-12T08:58:34.592Z","level":"info","message":"GET /pending/all 200 190ms","ip":"::1","userId":"0c544294-e96b-4556-a5b2-a9af18dfcdcc","userAgent":"Mozilla/5.0 (Windows NT 10.0; Win64; x64) AppleWebKit/537.36 (KHTML, like Gecko)"}
{"ts":"2026-06-12T09:03:12.759Z","level":"info","message":"GET /pending/all 304 1034ms","ip":"::1","userId":"0c544294-e96b-4556-a5b2-a9af18dfcdcc","userAgent":"Mozilla/5.0 (Windows NT 10.0; Win64; x64) AppleWebKit/537.36 (KHTML, like Gecko)"}
{"ts":"2026-06-12T09:04:13.047Z","level":"info","message":"GET /stats 200 2027ms","ip":"::1","userId":"0c544294-e96b-4556-a5b2-a9af18dfcdcc","userAgent":"Mozilla/5.0 (Windows NT 10.0; Win64; x64) AppleWebKit/537.36 (KHTML, like Gecko)"}
{"ts":"2026-06-12T09:04:13.061Z","level":"info","message":"GET /visits 304 2026ms","ip":"::1","userId":"0c544294-e96b-4556-a5b2-a9af18dfcdcc","userAgent":"Mozilla/5.0 (Windows NT 10.0; Win64; x64) AppleWebKit/537.36 (KHTML, like Gecko)"}
{"ts":"2026-06-12T09:04:13.064Z","level":"info","message":"GET / 304 2038ms","ip":"::1","userId":"0c544294-e96b-4556-a5b2-a9af18dfcdcc","userAgent":"Mozilla/5.0 (Windows NT 10.0; Win64; x64) AppleWebKit/537.36 (KHTML, like Gecko)"}
{"ts":"2026-06-12T09:04:13.072Z","level":"info","message":"GET /profit 304 2041ms","ip":"::1","userId":"0c544294-e96b-4556-a5b2-a9af18dfcdcc","userAgent":"Mozilla/5.0 (Windows NT 10.0; Win64; x64) AppleWebKit/537.36 (KHTML, like Gecko)"}
{"ts":"2026-06-12T09:04:13.081Z","level":"info","message":"GET /pending/all 304 2052ms","ip":"::1","userId":"0c544294-e96b-4556-a5b2-a9af18dfcdcc","userAgent":"Mozilla/5.0 (Windows NT 10.0; Win64; x64) AppleWebKit/537.36 (KHTML, like Gecko)"}
{"ts":"2026-06-12T09:04:13.433Z","level":"info","message":"GET /stats 304 380ms","ip":"::1","userId":"0c544294-e96b-4556-a5b2-a9af18dfcdcc","userAgent":"Mozilla/5.0 (Windows NT 10.0; Win64; x64) AppleWebKit/537.36 (KHTML, like Gecko)"}
{"ts":"2026-06-12T09:04:13.445Z","level":"info","message":"GET /visits 304 370ms","ip":"::1","userId":"0c544294-e96b-4556-a5b2-a9af18dfcdcc","userAgent":"Mozilla/5.0 (Windows NT 10.0; Win64; x64) AppleWebKit/537.36 (KHTML, like Gecko)"}
{"ts":"2026-06-12T09:04:13.512Z","level":"info","message":"GET /profit 304 431ms","ip":"::1","userId":"0c544294-e96b-4556-a5b2-a9af18dfcdcc","userAgent":"Mozilla/5.0 (Windows NT 10.0; Win64; x64) AppleWebKit/537.36 (KHTML, like Gecko)"}
{"ts":"2026-06-12T09:04:13.515Z","level":"info","message":"GET / 304 436ms","ip":"::1","userId":"0c544294-e96b-4556-a5b2-a9af18dfcdcc","userAgent":"Mozilla/5.0 (Windows NT 10.0; Win64; x64) AppleWebKit/537.36 (KHTML, like Gecko)"}
{"ts":"2026-06-12T09:04:13.521Z","level":"info","message":"GET /pending/all 304 438ms","ip":"::1","userId":"0c544294-e96b-4556-a5b2-a9af18dfcdcc","userAgent":"Mozilla/5.0 (Windows NT 10.0; Win64; x64) AppleWebKit/537.36 (KHTML, like Gecko)"}
{"ts":"2026-06-12T09:04:13.711Z","level":"info","message":"GET /pending/all 304 186ms","ip":"::1","userId":"0c544294-e96b-4556-a5b2-a9af18dfcdcc","userAgent":"Mozilla/5.0 (Windows NT 10.0; Win64; x64) AppleWebKit/537.36 (KHTML, like Gecko)"}
{"ts":"2026-06-12T09:04:13.853Z","level":"info","message":"GET /pending/all 304 139ms","ip":"::1","userId":"0c544294-e96b-4556-a5b2-a9af18dfcdcc","userAgent":"Mozilla/5.0 (Windows NT 10.0; Win64; x64) AppleWebKit/537.36 (KHTML, like Gecko)"}
{"ts":"2026-06-12T09:04:16.215Z","level":"info","message":"GET /pending/all 304 123ms","ip":"::1","userId":"0c544294-e96b-4556-a5b2-a9af18dfcdcc","userAgent":"Mozilla/5.0 (Windows NT 10.0; Win64; x64) AppleWebKit/537.36 (KHTML, like Gecko)"}
{"ts":"2026-06-12T09:04:16.677Z","level":"info","message":"PATCH /pending/c5ced0f5-78db-472b-b349-caaf8b309f77/collect 200 458ms","ip":"::1","userId":"0c544294-e96b-4556-a5b2-a9af18dfcdcc","userAgent":"Mozilla/5.0 (Windows NT 10.0; Win64; x64) AppleWebKit/537.36 (KHTML, like Gecko)"}
{"ts":"2026-06-12T09:04:16.805Z","level":"info","message":"GET /pending/all 200 114ms","ip":"::1","userId":"0c544294-e96b-4556-a5b2-a9af18dfcdcc","userAgent":"Mozilla/5.0 (Windows NT 10.0; Win64; x64) AppleWebKit/537.36 (KHTML, like Gecko)"}
{"ts":"2026-06-12T09:04:44.843Z","level":"info","message":"GET /pending/all 304 292ms","ip":"::1","userId":"0c544294-e96b-4556-a5b2-a9af18dfcdcc","userAgent":"Mozilla/5.0 (Windows NT 10.0; Win64; x64) AppleWebKit/537.36 (KHTML, like Gecko)"}
{"ts":"2026-06-12T09:04:45.563Z","level":"info","message":"PATCH /pending/e67829a9-e118-4e76-b21e-00668217c4df/collect 200 711ms","ip":"::1","userId":"0c544294-e96b-4556-a5b2-a9af18dfcdcc","userAgent":"Mozilla/5.0 (Windows NT 10.0; Win64; x64) AppleWebKit/537.36 (KHTML, like Gecko)"}
{"ts":"2026-06-12T09:04:45.772Z","level":"info","message":"GET /pending/all 200 203ms","ip":"::1","userId":"0c544294-e96b-4556-a5b2-a9af18dfcdcc","userAgent":"Mozilla/5.0 (Windows NT 10.0; Win64; x64) AppleWebKit/537.36 (KHTML, like Gecko)"}
{"ts":"2026-06-12T09:07:38.771Z","level":"info","message":"GET /visits 304 1409ms","ip":"::1","userId":"0c544294-e96b-4556-a5b2-a9af18dfcdcc","userAgent":"Mozilla/5.0 (Windows NT 10.0; Win64; x64) AppleWebKit/537.36 (KHTML, like Gecko)"}
{"ts":"2026-06-12T09:07:38.806Z","level":"info","message":"GET / 304 1448ms","ip":"::1","userId":"0c544294-e96b-4556-a5b2-a9af18dfcdcc","userAgent":"Mozilla/5.0 (Windows NT 10.0; Win64; x64) AppleWebKit/537.36 (KHTML, like Gecko)"}
{"ts":"2026-06-12T09:07:38.973Z","level":"info","message":"GET /pending/all 304 1613ms","ip":"::1","userId":"0c544294-e96b-4556-a5b2-a9af18dfcdcc","userAgent":"Mozilla/5.0 (Windows NT 10.0; Win64; x64) AppleWebKit/537.36 (KHTML, like Gecko)"}
{"ts":"2026-06-12T09:07:39.152Z","level":"info","message":"GET /stats 200 1809ms","ip":"::1","userId":"0c544294-e96b-4556-a5b2-a9af18dfcdcc","userAgent":"Mozilla/5.0 (Windows NT 10.0; Win64; x64) AppleWebKit/537.36 (KHTML, like Gecko)"}
{"ts":"2026-06-12T09:07:39.312Z","level":"info","message":"GET /profit 304 1959ms","ip":"::1","userId":"0c544294-e96b-4556-a5b2-a9af18dfcdcc","userAgent":"Mozilla/5.0 (Windows NT 10.0; Win64; x64) AppleWebKit/537.36 (KHTML, like Gecko)"}
{"ts":"2026-06-12T09:07:39.474Z","level":"info","message":"GET / 304 666ms","ip":"::1","userId":"0c544294-e96b-4556-a5b2-a9af18dfcdcc","userAgent":"Mozilla/5.0 (Windows NT 10.0; Win64; x64) AppleWebKit/537.36 (KHTML, like Gecko)"}
{"ts":"2026-06-12T09:07:39.592Z","level":"info","message":"GET /stats 304 427ms","ip":"::1","userId":"0c544294-e96b-4556-a5b2-a9af18dfcdcc","userAgent":"Mozilla/5.0 (Windows NT 10.0; Win64; x64) AppleWebKit/537.36 (KHTML, like Gecko)"}
{"ts":"2026-06-12T09:07:39.667Z","level":"info","message":"GET /profit 304 353ms","ip":"::1","userId":"0c544294-e96b-4556-a5b2-a9af18dfcdcc","userAgent":"Mozilla/5.0 (Windows NT 10.0; Win64; x64) AppleWebKit/537.36 (KHTML, like Gecko)"}
{"ts":"2026-06-12T09:07:39.707Z","level":"info","message":"GET /pending/all 304 733ms","ip":"::1","userId":"0c544294-e96b-4556-a5b2-a9af18dfcdcc","userAgent":"Mozilla/5.0 (Windows NT 10.0; Win64; x64) AppleWebKit/537.36 (KHTML, like Gecko)"}
{"ts":"2026-06-12T09:07:39.713Z","level":"info","message":"GET /visits 304 939ms","ip":"::1","userId":"0c544294-e96b-4556-a5b2-a9af18dfcdcc","userAgent":"Mozilla/5.0 (Windows NT 10.0; Win64; x64) AppleWebKit/537.36 (KHTML, like Gecko)"}
{"ts":"2026-06-12T09:07:48.621Z","level":"info","message":"GET / 304 271ms","ip":"::1","userId":"0c544294-e96b-4556-a5b2-a9af18dfcdcc","userAgent":"Mozilla/5.0 (Windows NT 10.0; Win64; x64) AppleWebKit/537.36 (KHTML, like Gecko)"}
{"ts":"2026-06-12T09:07:48.704Z","level":"info","message":"GET /pending/all 304 352ms","ip":"::1","userId":"0c544294-e96b-4556-a5b2-a9af18dfcdcc","userAgent":"Mozilla/5.0 (Windows NT 10.0; Win64; x64) AppleWebKit/537.36 (KHTML, like Gecko)"}
{"ts":"2026-06-12T09:07:48.707Z","level":"info","message":"GET /profit 304 353ms","ip":"::1","userId":"0c544294-e96b-4556-a5b2-a9af18dfcdcc","userAgent":"Mozilla/5.0 (Windows NT 10.0; Win64; x64) AppleWebKit/537.36 (KHTML, like Gecko)"}
{"ts":"2026-06-12T09:07:48.801Z","level":"info","message":"GET / 304 178ms","ip":"::1","userId":"0c544294-e96b-4556-a5b2-a9af18dfcdcc","userAgent":"Mozilla/5.0 (Windows NT 10.0; Win64; x64) AppleWebKit/537.36 (KHTML, like Gecko)"}
{"ts":"2026-06-12T09:07:48.893Z","level":"info","message":"GET /visits 304 534ms","ip":"::1","userId":"0c544294-e96b-4556-a5b2-a9af18dfcdcc","userAgent":"Mozilla/5.0 (Windows NT 10.0; Win64; x64) AppleWebKit/537.36 (KHTML, like Gecko)"}
{"ts":"2026-06-12T09:07:48.899Z","level":"info","message":"GET /pending/all 304 191ms","ip":"::1","userId":"0c544294-e96b-4556-a5b2-a9af18dfcdcc","userAgent":"Mozilla/5.0 (Windows NT 10.0; Win64; x64) AppleWebKit/537.36 (KHTML, like Gecko)"}
{"ts":"2026-06-12T09:07:48.936Z","level":"info","message":"GET /stats 304 595ms","ip":"::1","userId":"0c544294-e96b-4556-a5b2-a9af18dfcdcc","userAgent":"Mozilla/5.0 (Windows NT 10.0; Win64; x64) AppleWebKit/537.36 (KHTML, like Gecko)"}
{"ts":"2026-06-12T09:07:48.958Z","level":"info","message":"GET /profit 304 247ms","ip":"::1","userId":"0c544294-e96b-4556-a5b2-a9af18dfcdcc","userAgent":"Mozilla/5.0 (Windows NT 10.0; Win64; x64) AppleWebKit/537.36 (KHTML, like Gecko)"}
{"ts":"2026-06-12T09:07:49.070Z","level":"info","message":"GET /visits 304 173ms","ip":"::1","userId":"0c544294-e96b-4556-a5b2-a9af18dfcdcc","userAgent":"Mozilla/5.0 (Windows NT 10.0; Win64; x64) AppleWebKit/537.36 (KHTML, like Gecko)"}
{"ts":"2026-06-12T09:07:49.122Z","level":"info","message":"GET /stats 304 184ms","ip":"::1","userId":"0c544294-e96b-4556-a5b2-a9af18dfcdcc","userAgent":"Mozilla/5.0 (Windows NT 10.0; Win64; x64) AppleWebKit/537.36 (KHTML, like Gecko)"}
{"ts":"2026-06-12T09:08:09.935Z","level":"info","message":"POST /login 200 875ms","ip":"::1","userAgent":"Mozilla/5.0 (Windows NT 10.0; Win64; x64) AppleWebKit/537.36 (KHTML, like Gecko)"}
{"ts":"2026-06-12T09:08:10.502Z","level":"info","message":"GET /visits 304 524ms","ip":"::1","userId":"f437545e-506c-4352-8e9b-cd44eaf5218b","userAgent":"Mozilla/5.0 (Windows NT 10.0; Win64; x64) AppleWebKit/537.36 (KHTML, like Gecko)"}
{"ts":"2026-06-12T09:08:10.550Z","level":"info","message":"GET /pending/all 304 580ms","ip":"::1","userId":"f437545e-506c-4352-8e9b-cd44eaf5218b","userAgent":"Mozilla/5.0 (Windows NT 10.0; Win64; x64) AppleWebKit/537.36 (KHTML, like Gecko)"}
{"ts":"2026-06-12T09:08:10.581Z","level":"info","message":"GET /stats 304 621ms","ip":"::1","userId":"f437545e-506c-4352-8e9b-cd44eaf5218b","userAgent":"Mozilla/5.0 (Windows NT 10.0; Win64; x64) AppleWebKit/537.36 (KHTML, like Gecko)"}
{"ts":"2026-06-12T09:08:10.623Z","level":"info","message":"GET / 304 655ms","ip":"::1","userId":"f437545e-506c-4352-8e9b-cd44eaf5218b","userAgent":"Mozilla/5.0 (Windows NT 10.0; Win64; x64) AppleWebKit/537.36 (KHTML, like Gecko)"}
{"ts":"2026-06-12T09:08:10.648Z","level":"info","message":"GET /profit 304 676ms","ip":"::1","userId":"f437545e-506c-4352-8e9b-cd44eaf5218b","userAgent":"Mozilla/5.0 (Windows NT 10.0; Win64; x64) AppleWebKit/537.36 (KHTML, like Gecko)"}
{"ts":"2026-06-12T09:08:10.746Z","level":"info","message":"GET /visits 304 238ms","ip":"::1","userId":"f437545e-506c-4352-8e9b-cd44eaf5218b","userAgent":"Mozilla/5.0 (Windows NT 10.0; Win64; x64) AppleWebKit/537.36 (KHTML, like Gecko)"}
{"ts":"2026-06-12T09:08:10.908Z","level":"info","message":"GET / 304 283ms","ip":"::1","userId":"f437545e-506c-4352-8e9b-cd44eaf5218b","userAgent":"Mozilla/5.0 (Windows NT 10.0; Win64; x64) AppleWebKit/537.36 (KHTML, like Gecko)"}
{"ts":"2026-06-12T09:08:10.928Z","level":"info","message":"GET /pending/all 304 373ms","ip":"::1","userId":"f437545e-506c-4352-8e9b-cd44eaf5218b","userAgent":"Mozilla/5.0 (Windows NT 10.0; Win64; x64) AppleWebKit/537.36 (KHTML, like Gecko)"}
{"ts":"2026-06-12T09:08:10.987Z","level":"info","message":"GET /profit 304 338ms","ip":"::1","userId":"f437545e-506c-4352-8e9b-cd44eaf5218b","userAgent":"Mozilla/5.0 (Windows NT 10.0; Win64; x64) AppleWebKit/537.36 (KHTML, like Gecko)"}
{"ts":"2026-06-12T09:08:11.128Z","level":"info","message":"GET /stats 304 544ms","ip":"::1","userId":"f437545e-506c-4352-8e9b-cd44eaf5218b","userAgent":"Mozilla/5.0 (Windows NT 10.0; Win64; x64) AppleWebKit/537.36 (KHTML, like Gecko)"}
{"ts":"2026-06-12T09:08:24.719Z","level":"info","message":"GET / 304 384ms","ip":"::1","userId":"f437545e-506c-4352-8e9b-cd44eaf5218b","userAgent":"Mozilla/5.0 (Windows NT 10.0; Win64; x64) AppleWebKit/537.36 (KHTML, like Gecko)"}
{"ts":"2026-06-12T09:08:24.724Z","level":"info","message":"GET / 304 384ms","ip":"::1","userId":"f437545e-506c-4352-8e9b-cd44eaf5218b","userAgent":"Mozilla/5.0 (Windows NT 10.0; Win64; x64) AppleWebKit/537.36 (KHTML, like Gecko)"}
{"ts":"2026-06-12T09:08:24.919Z","level":"info","message":"GET / 304 197ms","ip":"::1","userId":"f437545e-506c-4352-8e9b-cd44eaf5218b","userAgent":"Mozilla/5.0 (Windows NT 10.0; Win64; x64) AppleWebKit/537.36 (KHTML, like Gecko)"}
{"ts":"2026-06-12T09:08:24.937Z","level":"info","message":"GET / 304 212ms","ip":"::1","userId":"f437545e-506c-4352-8e9b-cd44eaf5218b","userAgent":"Mozilla/5.0 (Windows NT 10.0; Win64; x64) AppleWebKit/537.36 (KHTML, like Gecko)"}
{"ts":"2026-06-12T09:08:25.979Z","level":"info","message":"GET / 304 191ms","ip":"::1","userId":"f437545e-506c-4352-8e9b-cd44eaf5218b","userAgent":"Mozilla/5.0 (Windows NT 10.0; Win64; x64) AppleWebKit/537.36 (KHTML, like Gecko)"}
{"ts":"2026-06-12T09:08:25.989Z","level":"info","message":"GET /pending/all 304 200ms","ip":"::1","userId":"f437545e-506c-4352-8e9b-cd44eaf5218b","userAgent":"Mozilla/5.0 (Windows NT 10.0; Win64; x64) AppleWebKit/537.36 (KHTML, like Gecko)"}
{"ts":"2026-06-12T09:08:26.178Z","level":"info","message":"GET / 304 192ms","ip":"::1","userId":"f437545e-506c-4352-8e9b-cd44eaf5218b","userAgent":"Mozilla/5.0 (Windows NT 10.0; Win64; x64) AppleWebKit/537.36 (KHTML, like Gecko)"}
{"ts":"2026-06-12T09:08:26.181Z","level":"info","message":"GET /pending/all 304 190ms","ip":"::1","userId":"f437545e-506c-4352-8e9b-cd44eaf5218b","userAgent":"Mozilla/5.0 (Windows NT 10.0; Win64; x64) AppleWebKit/537.36 (KHTML, like Gecko)"}
{"ts":"2026-06-12T09:08:26.966Z","level":"info","message":"GET /pending/all 304 425ms","ip":"::1","userId":"f437545e-506c-4352-8e9b-cd44eaf5218b","userAgent":"Mozilla/5.0 (Windows NT 10.0; Win64; x64) AppleWebKit/537.36 (KHTML, like Gecko)"}
{"ts":"2026-06-12T09:08:27.172Z","level":"info","message":"GET /pending/all 304 199ms","ip":"::1","userId":"f437545e-506c-4352-8e9b-cd44eaf5218b","userAgent":"Mozilla/5.0 (Windows NT 10.0; Win64; x64) AppleWebKit/537.36 (KHTML, like Gecko)"}
{"ts":"2026-06-12T09:08:29.124Z","level":"warn","message":"GET /api/reports/reminder_logs 404 0ms","ip":"::1","userAgent":"Mozilla/5.0 (Windows NT 10.0; Win64; x64) AppleWebKit/537.36 (KHTML, like Gecko)"}
{"ts":"2026-06-12T09:08:29.134Z","level":"warn","message":"GET /api/reports/reminder_logs 404 0ms","ip":"::1","userAgent":"Mozilla/5.0 (Windows NT 10.0; Win64; x64) AppleWebKit/537.36 (KHTML, like Gecko)"}
{"ts":"2026-06-12T09:08:29.319Z","level":"info","message":"GET /pending/all 304 198ms","ip":"::1","userId":"f437545e-506c-4352-8e9b-cd44eaf5218b","userAgent":"Mozilla/5.0 (Windows NT 10.0; Win64; x64) AppleWebKit/537.36 (KHTML, like Gecko)"}
{"ts":"2026-06-12T09:08:29.520Z","level":"info","message":"GET /pending/all 304 197ms","ip":"::1","userId":"f437545e-506c-4352-8e9b-cd44eaf5218b","userAgent":"Mozilla/5.0 (Windows NT 10.0; Win64; x64) AppleWebKit/537.36 (KHTML, like Gecko)"}
{"ts":"2026-06-12T09:08:36.867Z","level":"warn","message":"GET /api/reports/reminder_logs 404 1ms","ip":"::1","userAgent":"Mozilla/5.0 (Windows NT 10.0; Win64; x64) AppleWebKit/537.36 (KHTML, like Gecko)"}
{"ts":"2026-06-12T09:08:37.089Z","level":"info","message":"GET /pending/all 304 226ms","ip":"::1","userId":"f437545e-506c-4352-8e9b-cd44eaf5218b","userAgent":"Mozilla/5.0 (Windows NT 10.0; Win64; x64) AppleWebKit/537.36 (KHTML, like Gecko)"}
{"ts":"2026-06-12T09:10:04.962Z","level":"warn","message":"GET /api/reports/reminder_logs 404 1ms","ip":"::1","userAgent":"Mozilla/5.0 (Windows NT 10.0; Win64; x64) AppleWebKit/537.36 (KHTML, like Gecko)"}
{"ts":"2026-06-12T09:10:05.522Z","level":"warn","message":"GET /api/reports/reminder_logs 404 0ms","ip":"::1","userAgent":"Mozilla/5.0 (Windows NT 10.0; Win64; x64) AppleWebKit/537.36 (KHTML, like Gecko)"}
{"ts":"2026-06-12T09:10:05.714Z","level":"warn","message":"GET /api/reports/reminder_logs 404 1ms","ip":"::1","userAgent":"Mozilla/5.0 (Windows NT 10.0; Win64; x64) AppleWebKit/537.36 (KHTML, like Gecko)"}
{"ts":"2026-06-12T09:10:06.053Z","level":"info","message":"GET /pending/all 304 1096ms","ip":"::1","userId":"f437545e-506c-4352-8e9b-cd44eaf5218b","userAgent":"Mozilla/5.0 (Windows NT 10.0; Win64; x64) AppleWebKit/537.36 (KHTML, like Gecko)"}
{"ts":"2026-06-12T09:10:06.448Z","level":"info","message":"GET /pending/all 304 393ms","ip":"::1","userId":"f437545e-506c-4352-8e9b-cd44eaf5218b","userAgent":"Mozilla/5.0 (Windows NT 10.0; Win64; x64) AppleWebKit/537.36 (KHTML, like Gecko)"}
{"ts":"2026-06-12T09:10:06.824Z","level":"info","message":"GET /pending/all 304 374ms","ip":"::1","userId":"f437545e-506c-4352-8e9b-cd44eaf5218b","userAgent":"Mozilla/5.0 (Windows NT 10.0; Win64; x64) AppleWebKit/537.36 (KHTML, like Gecko)"}
{"ts":"2026-06-12T09:10:07.414Z","level":"info","message":"GET /pending/all 304 322ms","ip":"::1","userId":"f437545e-506c-4352-8e9b-cd44eaf5218b","userAgent":"Mozilla/5.0 (Windows NT 10.0; Win64; x64) AppleWebKit/537.36 (KHTML, like Gecko)"}
{"ts":"2026-06-12T09:10:07.822Z","level":"info","message":"GET /pending/all 304 404ms","ip":"::1","userId":"f437545e-506c-4352-8e9b-cd44eaf5218b","userAgent":"Mozilla/5.0 (Windows NT 10.0; Win64; x64) AppleWebKit/537.36 (KHTML, like Gecko)"}
{"ts":"2026-06-12T09:10:07.831Z","level":"info","message":"GET /profit 304 726ms","ip":"::1","userId":"f437545e-506c-4352-8e9b-cd44eaf5218b","userAgent":"Mozilla/5.0 (Windows NT 10.0; Win64; x64) AppleWebKit/537.36 (KHTML, like Gecko)"}
{"ts":"2026-06-12T09:10:07.833Z","level":"info","message":"GET / 304 730ms","ip":"::1","userId":"f437545e-506c-4352-8e9b-cd44eaf5218b","userAgent":"Mozilla/5.0 (Windows NT 10.0; Win64; x64) AppleWebKit/537.36 (KHTML, like Gecko)"}
{"ts":"2026-06-12T09:10:07.846Z","level":"info","message":"GET /visits 304 733ms","ip":"::1","userId":"f437545e-506c-4352-8e9b-cd44eaf5218b","userAgent":"Mozilla/5.0 (Windows NT 10.0; Win64; x64) AppleWebKit/537.36 (KHTML, like Gecko)"}
{"ts":"2026-06-12T09:10:07.851Z","level":"info","message":"GET /stats 304 757ms","ip":"::1","userId":"f437545e-506c-4352-8e9b-cd44eaf5218b","userAgent":"Mozilla/5.0 (Windows NT 10.0; Win64; x64) AppleWebKit/537.36 (KHTML, like Gecko)"}
{"ts":"2026-06-12T09:10:08.022Z","level":"info","message":"GET /visits 304 174ms","ip":"::1","userId":"f437545e-506c-4352-8e9b-cd44eaf5218b","userAgent":"Mozilla/5.0 (Windows NT 10.0; Win64; x64) AppleWebKit/537.36 (KHTML, like Gecko)"}
{"ts":"2026-06-12T09:10:08.068Z","level":"info","message":"GET /stats 304 216ms","ip":"::1","userId":"f437545e-506c-4352-8e9b-cd44eaf5218b","userAgent":"Mozilla/5.0 (Windows NT 10.0; Win64; x64) AppleWebKit/537.36 (KHTML, like Gecko)"}
{"ts":"2026-06-12T09:10:08.084Z","level":"info","message":"GET /profit 304 248ms","ip":"::1","userId":"f437545e-506c-4352-8e9b-cd44eaf5218b","userAgent":"Mozilla/5.0 (Windows NT 10.0; Win64; x64) AppleWebKit/537.36 (KHTML, like Gecko)"}
{"ts":"2026-06-12T09:10:08.087Z","level":"info","message":"GET / 304 247ms","ip":"::1","userId":"f437545e-506c-4352-8e9b-cd44eaf5218b","userAgent":"Mozilla/5.0 (Windows NT 10.0; Win64; x64) AppleWebKit/537.36 (KHTML, like Gecko)"}
{"ts":"2026-06-12T09:10:10.333Z","level":"info","message":"GET / 304 134ms","ip":"::1","userId":"f437545e-506c-4352-8e9b-cd44eaf5218b","userAgent":"Mozilla/5.0 (Windows NT 10.0; Win64; x64) AppleWebKit/537.36 (KHTML, like Gecko)"}
{"ts":"2026-06-12T09:10:10.390Z","level":"info","message":"GET / 304 192ms","ip":"::1","userId":"f437545e-506c-4352-8e9b-cd44eaf5218b","userAgent":"Mozilla/5.0 (Windows NT 10.0; Win64; x64) AppleWebKit/537.36 (KHTML, like Gecko)"}
{"ts":"2026-06-12T09:10:10.442Z","level":"info","message":"GET / 304 103ms","ip":"::1","userId":"f437545e-506c-4352-8e9b-cd44eaf5218b","userAgent":"Mozilla/5.0 (Windows NT 10.0; Win64; x64) AppleWebKit/537.36 (KHTML, like Gecko)"}
{"ts":"2026-06-12T09:10:10.587Z","level":"info","message":"GET / 304 192ms","ip":"::1","userId":"f437545e-506c-4352-8e9b-cd44eaf5218b","userAgent":"Mozilla/5.0 (Windows NT 10.0; Win64; x64) AppleWebKit/537.36 (KHTML, like Gecko)"}
{"ts":"2026-06-12T09:10:11.314Z","level":"info","message":"GET /pending/all 304 193ms","ip":"::1","userId":"f437545e-506c-4352-8e9b-cd44eaf5218b","userAgent":"Mozilla/5.0 (Windows NT 10.0; Win64; x64) AppleWebKit/537.36 (KHTML, like Gecko)"}
{"ts":"2026-06-12T09:10:11.514Z","level":"info","message":"GET /pending/all 304 184ms","ip":"::1","userId":"f437545e-506c-4352-8e9b-cd44eaf5218b","userAgent":"Mozilla/5.0 (Windows NT 10.0; Win64; x64) AppleWebKit/537.36 (KHTML, like Gecko)"}
{"ts":"2026-06-12T09:10:11.783Z","level":"info","message":"GET /pending/all 304 140ms","ip":"::1","userId":"f437545e-506c-4352-8e9b-cd44eaf5218b","userAgent":"Mozilla/5.0 (Windows NT 10.0; Win64; x64) AppleWebKit/537.36 (KHTML, like Gecko)"}
{"ts":"2026-06-12T09:10:11.850Z","level":"info","message":"GET / 304 214ms","ip":"::1","userId":"f437545e-506c-4352-8e9b-cd44eaf5218b","userAgent":"Mozilla/5.0 (Windows NT 10.0; Win64; x64) AppleWebKit/537.36 (KHTML, like Gecko)"}
{"ts":"2026-06-12T09:10:11.941Z","level":"info","message":"GET /pending/all 304 155ms","ip":"::1","userId":"f437545e-506c-4352-8e9b-cd44eaf5218b","userAgent":"Mozilla/5.0 (Windows NT 10.0; Win64; x64) AppleWebKit/537.36 (KHTML, like Gecko)"}
{"ts":"2026-06-12T09:10:12.039Z","level":"info","message":"GET / 304 187ms","ip":"::1","userId":"f437545e-506c-4352-8e9b-cd44eaf5218b","userAgent":"Mozilla/5.0 (Windows NT 10.0; Win64; x64) AppleWebKit/537.36 (KHTML, like Gecko)"}
{"ts":"2026-06-12T09:10:12.957Z","level":"info","message":"GET /pending/all 304 188ms","ip":"::1","userId":"f437545e-506c-4352-8e9b-cd44eaf5218b","userAgent":"Mozilla/5.0 (Windows NT 10.0; Win64; x64) AppleWebKit/537.36 (KHTML, like Gecko)"}
{"ts":"2026-06-12T09:10:13.141Z","level":"info","message":"GET /pending/all 304 182ms","ip":"::1","userId":"f437545e-506c-4352-8e9b-cd44eaf5218b","userAgent":"Mozilla/5.0 (Windows NT 10.0; Win64; x64) AppleWebKit/537.36 (KHTML, like Gecko)"}
{"ts":"2026-06-12T09:11:55.643Z","level":"warn","message":"GET /api/reports/reminder_logs 404 0ms","ip":"::1","userAgent":"Mozilla/5.0 (Windows NT 10.0; Win64; x64) AppleWebKit/537.36 (KHTML, like Gecko)"}
{"ts":"2026-06-12T09:11:55.645Z","level":"warn","message":"GET /api/reports/reminder_logs 404 0ms","ip":"::1","userAgent":"Mozilla/5.0 (Windows NT 10.0; Win64; x64) AppleWebKit/537.36 (KHTML, like Gecko)"}
{"ts":"2026-06-12T09:11:56.400Z","level":"info","message":"GET /pending/all 304 761ms","ip":"::1","userId":"f437545e-506c-4352-8e9b-cd44eaf5218b","userAgent":"Mozilla/5.0 (Windows NT 10.0; Win64; x64) AppleWebKit/537.36 (KHTML, like Gecko)"}
{"ts":"2026-06-12T09:11:56.731Z","level":"info","message":"GET /pending/all 304 328ms","ip":"::1","userId":"f437545e-506c-4352-8e9b-cd44eaf5218b","userAgent":"Mozilla/5.0 (Windows NT 10.0; Win64; x64) AppleWebKit/537.36 (KHTML, like Gecko)"}
{"ts":"2026-06-12T09:11:57.110Z","level":"warn","message":"GET /api/reports/reminder_logs 404 1ms","ip":"::1","userAgent":"Mozilla/5.0 (Windows NT 10.0; Win64; x64) AppleWebKit/537.36 (KHTML, like Gecko)"}
{"ts":"2026-06-12T09:11:57.369Z","level":"info","message":"GET /pending/all 304 264ms","ip":"::1","userId":"f437545e-506c-4352-8e9b-cd44eaf5218b","userAgent":"Mozilla/5.0 (Windows NT 10.0; Win64; x64) AppleWebKit/537.36 (KHTML, like Gecko)"}
{"ts":"2026-06-12T09:12:03.711Z","level":"warn","message":"GET /api/reports/reminder_logs 404 0ms","ip":"::1","userAgent":"Mozilla/5.0 (Windows NT 10.0; Win64; x64) AppleWebKit/537.36 (KHTML, like Gecko)"}
{"ts":"2026-06-12T09:12:04.113Z","level":"info","message":"GET /pending/all 304 405ms","ip":"::1","userId":"f437545e-506c-4352-8e9b-cd44eaf5218b","userAgent":"Mozilla/5.0 (Windows NT 10.0; Win64; x64) AppleWebKit/537.36 (KHTML, like Gecko)"}
{"ts":"2026-06-12T09:12:30.434Z","level":"info","message":"GET /pending/all 304 377ms","ip":"::1","userId":"f437545e-506c-4352-8e9b-cd44eaf5218b","userAgent":"Mozilla/5.0 (Windows NT 10.0; Win64; x64) AppleWebKit/537.36 (KHTML, like Gecko)"}
{"ts":"2026-06-12T09:12:30.701Z","level":"info","message":"GET /pending/all 304 265ms","ip":"::1","userId":"f437545e-506c-4352-8e9b-cd44eaf5218b","userAgent":"Mozilla/5.0 (Windows NT 10.0; Win64; x64) AppleWebKit/537.36 (KHTML, like Gecko)"}
{"ts":"2026-06-12T09:12:32.271Z","level":"info","message":"GET /pending/all 304 261ms","ip":"::1","userId":"f437545e-506c-4352-8e9b-cd44eaf5218b","userAgent":"Mozilla/5.0 (Windows NT 10.0; Win64; x64) AppleWebKit/537.36 (KHTML, like Gecko)"}
{"ts":"2026-06-12T09:12:32.469Z","level":"info","message":"GET / 304 457ms","ip":"::1","userId":"f437545e-506c-4352-8e9b-cd44eaf5218b","userAgent":"Mozilla/5.0 (Windows NT 10.0; Win64; x64) AppleWebKit/537.36 (KHTML, like Gecko)"}
{"ts":"2026-06-12T09:12:32.532Z","level":"info","message":"GET /pending/all 304 258ms","ip":"::1","userId":"f437545e-506c-4352-8e9b-cd44eaf5218b","userAgent":"Mozilla/5.0 (Windows NT 10.0; Win64; x64) AppleWebKit/537.36 (KHTML, like Gecko)"}
{"ts":"2026-06-12T09:12:32.702Z","level":"info","message":"GET / 304 231ms","ip":"::1","userId":"f437545e-506c-4352-8e9b-cd44eaf5218b","userAgent":"Mozilla/5.0 (Windows NT 10.0; Win64; x64) AppleWebKit/537.36 (KHTML, like Gecko)"}
{"ts":"2026-06-12T09:12:32.870Z","level":"info","message":"GET / 304 239ms","ip":"::1","userId":"f437545e-506c-4352-8e9b-cd44eaf5218b","userAgent":"Mozilla/5.0 (Windows NT 10.0; Win64; x64) AppleWebKit/537.36 (KHTML, like Gecko)"}
{"ts":"2026-06-12T09:12:32.947Z","level":"info","message":"GET / 304 243ms","ip":"::1","userId":"f437545e-506c-4352-8e9b-cd44eaf5218b","userAgent":"Mozilla/5.0 (Windows NT 10.0; Win64; x64) AppleWebKit/537.36 (KHTML, like Gecko)"}
{"ts":"2026-06-12T09:12:33.082Z","level":"info","message":"GET / 304 207ms","ip":"::1","userId":"f437545e-506c-4352-8e9b-cd44eaf5218b","userAgent":"Mozilla/5.0 (Windows NT 10.0; Win64; x64) AppleWebKit/537.36 (KHTML, like Gecko)"}
{"ts":"2026-06-12T09:12:33.169Z","level":"info","message":"GET / 304 221ms","ip":"::1","userId":"f437545e-506c-4352-8e9b-cd44eaf5218b","userAgent":"Mozilla/5.0 (Windows NT 10.0; Win64; x64) AppleWebKit/537.36 (KHTML, like Gecko)"}
{"ts":"2026-06-12T09:12:33.795Z","level":"info","message":"GET /pending/all 304 185ms","ip":"::1","userId":"f437545e-506c-4352-8e9b-cd44eaf5218b","userAgent":"Mozilla/5.0 (Windows NT 10.0; Win64; x64) AppleWebKit/537.36 (KHTML, like Gecko)"}
{"ts":"2026-06-12T09:12:33.885Z","level":"info","message":"GET / 304 268ms","ip":"::1","userId":"f437545e-506c-4352-8e9b-cd44eaf5218b","userAgent":"Mozilla/5.0 (Windows NT 10.0; Win64; x64) AppleWebKit/537.36 (KHTML, like Gecko)"}
{"ts":"2026-06-12T09:12:33.984Z","level":"info","message":"GET /pending/all 304 185ms","ip":"::1","userId":"f437545e-506c-4352-8e9b-cd44eaf5218b","userAgent":"Mozilla/5.0 (Windows NT 10.0; Win64; x64) AppleWebKit/537.36 (KHTML, like Gecko)"}
{"ts":"2026-06-12T09:12:34.086Z","level":"info","message":"GET /stats 304 475ms","ip":"::1","userId":"f437545e-506c-4352-8e9b-cd44eaf5218b","userAgent":"Mozilla/5.0 (Windows NT 10.0; Win64; x64) AppleWebKit/537.36 (KHTML, like Gecko)"}
{"ts":"2026-06-12T09:12:34.087Z","level":"info","message":"GET / 304 201ms","ip":"::1","userId":"f437545e-506c-4352-8e9b-cd44eaf5218b","userAgent":"Mozilla/5.0 (Windows NT 10.0; Win64; x64) AppleWebKit/537.36 (KHTML, like Gecko)"}
{"ts":"2026-06-12T09:12:34.107Z","level":"info","message":"GET /visits 304 483ms","ip":"::1","userId":"f437545e-506c-4352-8e9b-cd44eaf5218b","userAgent":"Mozilla/5.0 (Windows NT 10.0; Win64; x64) AppleWebKit/537.36 (KHTML, like Gecko)"}
{"ts":"2026-06-12T09:12:34.119Z","level":"info","message":"GET /profit 304 500ms","ip":"::1","userId":"f437545e-506c-4352-8e9b-cd44eaf5218b","userAgent":"Mozilla/5.0 (Windows NT 10.0; Win64; x64) AppleWebKit/537.36 (KHTML, like Gecko)"}
{"ts":"2026-06-12T09:12:34.222Z","level":"info","message":"GET /visits 304 114ms","ip":"::1","userId":"f437545e-506c-4352-8e9b-cd44eaf5218b","userAgent":"Mozilla/5.0 (Windows NT 10.0; Win64; x64) AppleWebKit/537.36 (KHTML, like Gecko)"}
{"ts":"2026-06-12T09:12:34.338Z","level":"info","message":"GET /profit 304 217ms","ip":"::1","userId":"f437545e-506c-4352-8e9b-cd44eaf5218b","userAgent":"Mozilla/5.0 (Windows NT 10.0; Win64; x64) AppleWebKit/537.36 (KHTML, like Gecko)"}
{"ts":"2026-06-12T09:12:34.364Z","level":"info","message":"GET /stats 304 276ms","ip":"::1","userId":"f437545e-506c-4352-8e9b-cd44eaf5218b","userAgent":"Mozilla/5.0 (Windows NT 10.0; Win64; x64) AppleWebKit/537.36 (KHTML, like Gecko)"}
{"ts":"2026-06-12T09:28:16.580Z","level":"warn","message":"GET / 500 7042ms","ip":"::1","userId":"0c544294-e96b-4556-a5b2-a9af18dfcdcc","userAgent":"Mozilla/5.0 (Windows NT 10.0; Win64; x64) AppleWebKit/537.36 (KHTML, like Gecko)"}
{"ts":"2026-06-12T09:28:17.511Z","level":"warn","message":"GET / 500 7038ms","ip":"::1","userId":"0c544294-e96b-4556-a5b2-a9af18dfcdcc","userAgent":"Mozilla/5.0 (Windows NT 10.0; Win64; x64) AppleWebKit/537.36 (KHTML, like Gecko)"}
{"ts":"2026-06-12T09:28:17.515Z","level":"warn","message":"GET /pending/all 500 7039ms","ip":"::1","userId":"0c544294-e96b-4556-a5b2-a9af18dfcdcc","userAgent":"Mozilla/5.0 (Windows NT 10.0; Win64; x64) AppleWebKit/537.36 (KHTML, like Gecko)"}
{"ts":"2026-06-12T09:28:23.628Z","level":"warn","message":"GET / 500 7046ms","ip":"::1","userId":"0c544294-e96b-4556-a5b2-a9af18dfcdcc","userAgent":"Mozilla/5.0 (Windows NT 10.0; Win64; x64) AppleWebKit/537.36 (KHTML, like Gecko)"}
{"ts":"2026-06-12T09:28:24.567Z","level":"warn","message":"GET / 500 7051ms","ip":"::1","userId":"0c544294-e96b-4556-a5b2-a9af18dfcdcc","userAgent":"Mozilla/5.0 (Windows NT 10.0; Win64; x64) AppleWebKit/537.36 (KHTML, like Gecko)"}
{"ts":"2026-06-12T09:28:24.569Z","level":"warn","message":"GET /pending/all 500 7050ms","ip":"::1","userId":"0c544294-e96b-4556-a5b2-a9af18dfcdcc","userAgent":"Mozilla/5.0 (Windows NT 10.0; Win64; x64) AppleWebKit/537.36 (KHTML, like Gecko)"}
{"ts":"2026-06-12T09:28:30.678Z","level":"warn","message":"GET / 500 7046ms","ip":"::1","userId":"0c544294-e96b-4556-a5b2-a9af18dfcdcc","userAgent":"Mozilla/5.0 (Windows NT 10.0; Win64; x64) AppleWebKit/537.36 (KHTML, like Gecko)"}
{"ts":"2026-06-12T09:28:31.616Z","level":"warn","message":"GET / 500 7045ms","ip":"::1","userId":"0c544294-e96b-4556-a5b2-a9af18dfcdcc","userAgent":"Mozilla/5.0 (Windows NT 10.0; Win64; x64) AppleWebKit/537.36 (KHTML, like Gecko)"}
{"ts":"2026-06-12T09:28:31.619Z","level":"warn","message":"GET /pending/all 500 7045ms","ip":"::1","userId":"0c544294-e96b-4556-a5b2-a9af18dfcdcc","userAgent":"Mozilla/5.0 (Windows NT 10.0; Win64; x64) AppleWebKit/537.36 (KHTML, like Gecko)"}
{"ts":"2026-06-12T09:28:37.708Z","level":"warn","message":"GET / 500 7027ms","ip":"::1","userId":"0c544294-e96b-4556-a5b2-a9af18dfcdcc","userAgent":"Mozilla/5.0 (Windows NT 10.0; Win64; x64) AppleWebKit/537.36 (KHTML, like Gecko)"}
{"ts":"2026-06-12T09:28:38.594Z","level":"warn","message":"GET / 500 7043ms","ip":"::1","userId":"0c544294-e96b-4556-a5b2-a9af18dfcdcc","userAgent":"Mozilla/5.0 (Windows NT 10.0; Win64; x64) AppleWebKit/537.36 (KHTML, like Gecko)"}
{"ts":"2026-06-12T09:28:38.675Z","level":"warn","message":"GET / 500 7053ms","ip":"::1","userId":"0c544294-e96b-4556-a5b2-a9af18dfcdcc","userAgent":"Mozilla/5.0 (Windows NT 10.0; Win64; x64) AppleWebKit/537.36 (KHTML, like Gecko)"}
{"ts":"2026-06-12T09:28:38.679Z","level":"warn","message":"GET /pending/all 500 7055ms","ip":"::1","userId":"0c544294-e96b-4556-a5b2-a9af18dfcdcc","userAgent":"Mozilla/5.0 (Windows NT 10.0; Win64; x64) AppleWebKit/537.36 (KHTML, like Gecko)"}
{"ts":"2026-06-12T09:28:39.093Z","level":"warn","message":"GET / 500 7046ms","ip":"::1","userId":"0c544294-e96b-4556-a5b2-a9af18dfcdcc","userAgent":"Mozilla/5.0 (Windows NT 10.0; Win64; x64) AppleWebKit/537.36 (KHTML, like Gecko)"}
{"ts":"2026-06-12T09:28:39.485Z","level":"warn","message":"GET / 500 7035ms","ip":"::1","userId":"0c544294-e96b-4556-a5b2-a9af18dfcdcc","userAgent":"Mozilla/5.0 (Windows NT 10.0; Win64; x64) AppleWebKit/537.36 (KHTML, like Gecko)"}
{"ts":"2026-06-12T09:28:44.760Z","level":"warn","message":"GET / 500 7049ms","ip":"::1","userId":"0c544294-e96b-4556-a5b2-a9af18dfcdcc","userAgent":"Mozilla/5.0 (Windows NT 10.0; Win64; x64) AppleWebKit/537.36 (KHTML, like Gecko)"}
{"ts":"2026-06-12T09:36:40.779Z","level":"info","message":"GET / 200 1248ms","ip":"::1","userId":"f437545e-506c-4352-8e9b-cd44eaf5218b","userAgent":"Mozilla/5.0 (Windows NT 10.0; Win64; x64) AppleWebKit/537.36 (KHTML, like Gecko)"}
{"ts":"2026-06-12T09:36:40.788Z","level":"info","message":"GET / 200 1265ms","ip":"::1","userId":"f437545e-506c-4352-8e9b-cd44eaf5218b","userAgent":"Mozilla/5.0 (Windows NT 10.0; Win64; x64) AppleWebKit/537.36 (KHTML, like Gecko)"}
{"ts":"2026-06-12T09:36:41.018Z","level":"info","message":"GET / 304 235ms","ip":"::1","userId":"f437545e-506c-4352-8e9b-cd44eaf5218b","userAgent":"Mozilla/5.0 (Windows NT 10.0; Win64; x64) AppleWebKit/537.36 (KHTML, like Gecko)"}
{"ts":"2026-06-12T09:36:41.025Z","level":"info","message":"GET / 304 234ms","ip":"::1","userId":"f437545e-506c-4352-8e9b-cd44eaf5218b","userAgent":"Mozilla/5.0 (Windows NT 10.0; Win64; x64) AppleWebKit/537.36 (KHTML, like Gecko)"}
{"ts":"2026-06-12T09:36:42.197Z","level":"info","message":"GET / 304 540ms","ip":"::1","userId":"f437545e-506c-4352-8e9b-cd44eaf5218b","userAgent":"Mozilla/5.0 (Windows NT 10.0; Win64; x64) AppleWebKit/537.36 (KHTML, like Gecko)"}
{"ts":"2026-06-12T09:36:42.372Z","level":"info","message":"GET /pending/all 200 711ms","ip":"::1","userId":"f437545e-506c-4352-8e9b-cd44eaf5218b","userAgent":"Mozilla/5.0 (Windows NT 10.0; Win64; x64) AppleWebKit/537.36 (KHTML, like Gecko)"}
{"ts":"2026-06-12T09:36:42.432Z","level":"info","message":"GET / 304 232ms","ip":"::1","userId":"f437545e-506c-4352-8e9b-cd44eaf5218b","userAgent":"Mozilla/5.0 (Windows NT 10.0; Win64; x64) AppleWebKit/537.36 (KHTML, like Gecko)"}
{"ts":"2026-06-12T09:36:42.663Z","level":"info","message":"GET /pending/all 304 288ms","ip":"::1","userId":"f437545e-506c-4352-8e9b-cd44eaf5218b","userAgent":"Mozilla/5.0 (Windows NT 10.0; Win64; x64) AppleWebKit/537.36 (KHTML, like Gecko)"}
{"ts":"2026-06-12T09:36:43.313Z","level":"info","message":"GET /pending/all 304 385ms","ip":"::1","userId":"f437545e-506c-4352-8e9b-cd44eaf5218b","userAgent":"Mozilla/5.0 (Windows NT 10.0; Win64; x64) AppleWebKit/537.36 (KHTML, like Gecko)"}
{"ts":"2026-06-12T09:36:43.545Z","level":"info","message":"GET /pending/all 304 229ms","ip":"::1","userId":"f437545e-506c-4352-8e9b-cd44eaf5218b","userAgent":"Mozilla/5.0 (Windows NT 10.0; Win64; x64) AppleWebKit/537.36 (KHTML, like Gecko)"}
{"ts":"2026-06-12T09:39:01.472Z","level":"info","message":"GET / 304 849ms","ip":"::1","userId":"f437545e-506c-4352-8e9b-cd44eaf5218b","userAgent":"Mozilla/5.0 (Windows NT 10.0; Win64; x64) AppleWebKit/537.36 (KHTML, like Gecko)"}
{"ts":"2026-06-12T09:39:01.548Z","level":"info","message":"GET /pending/all 304 923ms","ip":"::1","userId":"f437545e-506c-4352-8e9b-cd44eaf5218b","userAgent":"Mozilla/5.0 (Windows NT 10.0; Win64; x64) AppleWebKit/537.36 (KHTML, like Gecko)"}
{"ts":"2026-06-12T09:39:01.622Z","level":"info","message":"GET / 304 146ms","ip":"::1","userId":"f437545e-506c-4352-8e9b-cd44eaf5218b","userAgent":"Mozilla/5.0 (Windows NT 10.0; Win64; x64) AppleWebKit/537.36 (KHTML, like Gecko)"}
{"ts":"2026-06-12T09:39:01.805Z","level":"info","message":"GET /pending/all 304 255ms","ip":"::1","userId":"f437545e-506c-4352-8e9b-cd44eaf5218b","userAgent":"Mozilla/5.0 (Windows NT 10.0; Win64; x64) AppleWebKit/537.36 (KHTML, like Gecko)"}
{"ts":"2026-06-12T09:39:03.060Z","level":"info","message":"GET / 304 152ms","ip":"::1","userId":"f437545e-506c-4352-8e9b-cd44eaf5218b","userAgent":"Mozilla/5.0 (Windows NT 10.0; Win64; x64) AppleWebKit/537.36 (KHTML, like Gecko)"}
{"ts":"2026-06-12T09:39:03.149Z","level":"info","message":"GET / 304 240ms","ip":"::1","userId":"f437545e-506c-4352-8e9b-cd44eaf5218b","userAgent":"Mozilla/5.0 (Windows NT 10.0; Win64; x64) AppleWebKit/537.36 (KHTML, like Gecko)"}
{"ts":"2026-06-12T09:39:03.224Z","level":"info","message":"GET / 304 163ms","ip":"::1","userId":"f437545e-506c-4352-8e9b-cd44eaf5218b","userAgent":"Mozilla/5.0 (Windows NT 10.0; Win64; x64) AppleWebKit/537.36 (KHTML, like Gecko)"}
{"ts":"2026-06-12T09:39:03.357Z","level":"info","message":"GET / 304 207ms","ip":"::1","userId":"f437545e-506c-4352-8e9b-cd44eaf5218b","userAgent":"Mozilla/5.0 (Windows NT 10.0; Win64; x64) AppleWebKit/537.36 (KHTML, like Gecko)"}
{"ts":"2026-06-12T09:41:45.001Z","level":"info","message":"GET / 304 885ms","ip":"::1","userId":"f437545e-506c-4352-8e9b-cd44eaf5218b","userAgent":"Mozilla/5.0 (Windows NT 10.0; Win64; x64) AppleWebKit/537.36 (KHTML, like Gecko)"}
{"ts":"2026-06-12T09:41:45.106Z","level":"info","message":"GET /pending/all 304 988ms","ip":"::1","userId":"f437545e-506c-4352-8e9b-cd44eaf5218b","userAgent":"Mozilla/5.0 (Windows NT 10.0; Win64; x64) AppleWebKit/537.36 (KHTML, like Gecko)"}
{"ts":"2026-06-12T09:41:45.300Z","level":"info","message":"GET / 304 298ms","ip":"::1","userId":"f437545e-506c-4352-8e9b-cd44eaf5218b","userAgent":"Mozilla/5.0 (Windows NT 10.0; Win64; x64) AppleWebKit/537.36 (KHTML, like Gecko)"}
{"ts":"2026-06-12T09:41:45.420Z","level":"info","message":"GET /pending/all 304 313ms","ip":"::1","userId":"f437545e-506c-4352-8e9b-cd44eaf5218b","userAgent":"Mozilla/5.0 (Windows NT 10.0; Win64; x64) AppleWebKit/537.36 (KHTML, like Gecko)"}
{"ts":"2026-06-12T09:41:46.783Z","level":"info","message":"GET /pending/all 304 320ms","ip":"::1","userId":"f437545e-506c-4352-8e9b-cd44eaf5218b","userAgent":"Mozilla/5.0 (Windows NT 10.0; Win64; x64) AppleWebKit/537.36 (KHTML, like Gecko)"}
{"ts":"2026-06-12T09:41:47.074Z","level":"info","message":"GET /pending/all 304 290ms","ip":"::1","userId":"f437545e-506c-4352-8e9b-cd44eaf5218b","userAgent":"Mozilla/5.0 (Windows NT 10.0; Win64; x64) AppleWebKit/537.36 (KHTML, like Gecko)"}
{"ts":"2026-06-12T09:42:01.351Z","level":"info","message":"GET / 304 609ms","ip":"::1","userId":"0c544294-e96b-4556-a5b2-a9af18dfcdcc","userAgent":"Mozilla/5.0 (Windows NT 10.0; Win64; x64) AppleWebKit/537.36 (KHTML, like Gecko)"}
{"ts":"2026-06-12T09:42:01.357Z","level":"info","message":"GET / 304 614ms","ip":"::1","userId":"0c544294-e96b-4556-a5b2-a9af18dfcdcc","userAgent":"Mozilla/5.0 (Windows NT 10.0; Win64; x64) AppleWebKit/537.36 (KHTML, like Gecko)"}
{"ts":"2026-06-12T09:42:01.731Z","level":"info","message":"GET / 304 373ms","ip":"::1","userId":"0c544294-e96b-4556-a5b2-a9af18dfcdcc","userAgent":"Mozilla/5.0 (Windows NT 10.0; Win64; x64) AppleWebKit/537.36 (KHTML, like Gecko)"}
{"ts":"2026-06-12T09:42:01.732Z","level":"info","message":"GET / 304 379ms","ip":"::1","userId":"0c544294-e96b-4556-a5b2-a9af18dfcdcc","userAgent":"Mozilla/5.0 (Windows NT 10.0; Win64; x64) AppleWebKit/537.36 (KHTML, like Gecko)"}
{"ts":"2026-06-12T09:42:04.277Z","level":"info","message":"GET /visits 304 708ms","ip":"::1","userId":"0c544294-e96b-4556-a5b2-a9af18dfcdcc","userAgent":"Mozilla/5.0 (Windows NT 10.0; Win64; x64) AppleWebKit/537.36 (KHTML, like Gecko)"}
{"ts":"2026-06-12T09:42:04.343Z","level":"info","message":"GET /pending/all 304 777ms","ip":"::1","userId":"0c544294-e96b-4556-a5b2-a9af18dfcdcc","userAgent":"Mozilla/5.0 (Windows NT 10.0; Win64; x64) AppleWebKit/537.36 (KHTML, like Gecko)"}
{"ts":"2026-06-12T09:42:04.362Z","level":"info","message":"GET / 304 797ms","ip":"::1","userId":"0c544294-e96b-4556-a5b2-a9af18dfcdcc","userAgent":"Mozilla/5.0 (Windows NT 10.0; Win64; x64) AppleWebKit/537.36 (KHTML, like Gecko)"}
{"ts":"2026-06-12T09:42:04.381Z","level":"info","message":"GET /profit 304 814ms","ip":"::1","userId":"0c544294-e96b-4556-a5b2-a9af18dfcdcc","userAgent":"Mozilla/5.0 (Windows NT 10.0; Win64; x64) AppleWebKit/537.36 (KHTML, like Gecko)"}
{"ts":"2026-06-12T09:42:04.427Z","level":"info","message":"GET /stats 304 865ms","ip":"::1","userId":"0c544294-e96b-4556-a5b2-a9af18dfcdcc","userAgent":"Mozilla/5.0 (Windows NT 10.0; Win64; x64) AppleWebKit/537.36 (KHTML, like Gecko)"}
{"ts":"2026-06-12T09:42:04.513Z","level":"info","message":"GET /visits 304 235ms","ip":"::1","userId":"0c544294-e96b-4556-a5b2-a9af18dfcdcc","userAgent":"Mozilla/5.0 (Windows NT 10.0; Win64; x64) AppleWebKit/537.36 (KHTML, like Gecko)"}
{"ts":"2026-06-12T09:42:04.588Z","level":"info","message":"GET /pending/all 304 244ms","ip":"::1","userId":"0c544294-e96b-4556-a5b2-a9af18dfcdcc","userAgent":"Mozilla/5.0 (Windows NT 10.0; Win64; x64) AppleWebKit/537.36 (KHTML, like Gecko)"}
{"ts":"2026-06-12T09:42:04.687Z","level":"info","message":"GET /profit 304 305ms","ip":"::1","userId":"0c544294-e96b-4556-a5b2-a9af18dfcdcc","userAgent":"Mozilla/5.0 (Windows NT 10.0; Win64; x64) AppleWebKit/537.36 (KHTML, like Gecko)"}
{"ts":"2026-06-12T09:42:04.923Z","level":"info","message":"GET / 304 560ms","ip":"::1","userId":"0c544294-e96b-4556-a5b2-a9af18dfcdcc","userAgent":"Mozilla/5.0 (Windows NT 10.0; Win64; x64) AppleWebKit/537.36 (KHTML, like Gecko)"}
{"ts":"2026-06-12T09:42:04.994Z","level":"info","message":"GET /stats 304 566ms","ip":"::1","userId":"0c544294-e96b-4556-a5b2-a9af18dfcdcc","userAgent":"Mozilla/5.0 (Windows NT 10.0; Win64; x64) AppleWebKit/537.36 (KHTML, like Gecko)"}
{"ts":"2026-06-12T09:44:58.584Z","level":"info","message":"GET /pending/all 304 695ms","ip":"::1","userId":"f437545e-506c-4352-8e9b-cd44eaf5218b","userAgent":"Mozilla/5.0 (Windows NT 10.0; Win64; x64) AppleWebKit/537.36 (KHTML, like Gecko)"}
{"ts":"2026-06-12T09:44:59.627Z","level":"info","message":"PATCH /pending/d54c5029-43cb-42fd-9cc3-95da80608a9b/collect 200 1037ms","ip":"::1","userId":"f437545e-506c-4352-8e9b-cd44eaf5218b","userAgent":"Mozilla/5.0 (Windows NT 10.0; Win64; x64) AppleWebKit/537.36 (KHTML, like Gecko)"}
{"ts":"2026-06-12T09:44:59.901Z","level":"info","message":"GET /pending/all 200 270ms","ip":"::1","userId":"f437545e-506c-4352-8e9b-cd44eaf5218b","userAgent":"Mozilla/5.0 (Windows NT 10.0; Win64; x64) AppleWebKit/537.36 (KHTML, like Gecko)"}
{"ts":"2026-06-12T09:45:35.036Z","level":"info","message":"GET /pending/all 304 709ms","ip":"::1","userId":"f437545e-506c-4352-8e9b-cd44eaf5218b","userAgent":"Mozilla/5.0 (Windows NT 10.0; Win64; x64) AppleWebKit/537.36 (KHTML, like Gecko)"}
{"ts":"2026-06-12T09:45:36.024Z","level":"info","message":"PATCH /pending/d54c5029-43cb-42fd-9cc3-95da80608a9b/collect 200 983ms","ip":"::1","userId":"f437545e-506c-4352-8e9b-cd44eaf5218b","userAgent":"Mozilla/5.0 (Windows NT 10.0; Win64; x64) AppleWebKit/537.36 (KHTML, like Gecko)"}
{"ts":"2026-06-12T09:45:36.600Z","level":"info","message":"GET /pending/all 200 572ms","ip":"::1","userId":"f437545e-506c-4352-8e9b-cd44eaf5218b","userAgent":"Mozilla/5.0 (Windows NT 10.0; Win64; x64) AppleWebKit/537.36 (KHTML, like Gecko)"}
