{"ts":"2026-06-10T05:18:28.687Z","level":"info","message":"Backup scheduled: 0 2 * * *"}
{"ts":"2026-06-10T05:18:28.690Z","level":"info","message":"🚀 POS Server running on port 3001"}
{"ts":"2026-06-10T05:18:28.690Z","level":"info","message":"   Environment: development"}
{"ts":"2026-06-10T05:18:28.690Z","level":"info","message":"   Client URL:  http://localhost:5173"}
{"ts":"2026-06-10T05:36:44.871Z","level":"info","message":"Backup scheduled: 0 2 * * *"}
{"ts":"2026-06-10T05:36:44.874Z","level":"info","message":"🚀 POS Server running on port 3001"}
{"ts":"2026-06-10T05:36:44.874Z","level":"info","message":"   Environment: development"}
{"ts":"2026-06-10T05:36:44.874Z","level":"info","message":"   Client URL:  http://localhost:5173"}
{"ts":"2026-06-10T05:39:24.861Z","level":"info","message":"Backup scheduled: 0 2 * * *"}
{"ts":"2026-06-10T05:39:24.864Z","level":"info","message":"🚀 POS Server running on port 3001"}
{"ts":"2026-06-10T05:39:24.864Z","level":"info","message":"   Environment: development"}
{"ts":"2026-06-10T05:39:24.865Z","level":"info","message":"   Client URL:  http://localhost:5173"}
{"ts":"2026-06-10T05:40:55.888Z","level":"info","message":"Backup scheduled: 0 2 * * *"}
{"ts":"2026-06-10T05:40:55.891Z","level":"info","message":"🚀 POS Server running on port 3001"}
{"ts":"2026-06-10T05:40:55.891Z","level":"info","message":"   Environment: development"}
{"ts":"2026-06-10T05:40:55.891Z","level":"info","message":"   Client URL:  http://localhost:5173"}
{"ts":"2026-06-10T05:41:37.867Z","level":"warn","message":"POST /login 401 1172ms","ip":"::1","userAgent":"Mozilla/5.0 (Windows NT 10.0; Win64; x64) AppleWebKit/537.36 (KHTML, like Gecko)"}
{"ts":"2026-06-10T05:41:42.446Z","level":"warn","message":"POST /login 401 268ms","ip":"::1","userAgent":"Mozilla/5.0 (Windows NT 10.0; Win64; x64) AppleWebKit/537.36 (KHTML, like Gecko)"}
{"ts":"2026-06-10T05:41:48.538Z","level":"warn","message":"POST /login 401 561ms","ip":"::1","userAgent":"Mozilla/5.0 (Windows NT 10.0; Win64; x64) AppleWebKit/537.36 (KHTML, like Gecko)"}
{"ts":"2026-06-10T05:43:04.152Z","level":"warn","message":"POST /login 401 873ms","ip":"::1","userAgent":"Mozilla/5.0 (Windows NT 10.0; Win64; x64) AppleWebKit/537.36 (KHTML, like Gecko)"}
{"ts":"2026-06-10T05:45:43.986Z","level":"warn","message":"POST /register 500 737ms","ip":"::1","userAgent":"Mozilla/5.0 (Windows NT 10.0; Win64; x64) AppleWebKit/537.36 (KHTML, like Gecko)"}
{"ts":"2026-06-10T05:45:59.770Z","level":"warn","message":"POST /register 500 649ms","ip":"::1","userAgent":"Mozilla/5.0 (Windows NT 10.0; Win64; x64) AppleWebKit/537.36 (KHTML, like Gecko)"}
{"ts":"2026-06-10T05:46:22.622Z","level":"warn","message":"POST /login 401 516ms","ip":"::1","userAgent":"Mozilla/5.0 (Windows NT 10.0; Win64; x64) AppleWebKit/537.36 (KHTML, like Gecko)"}
{"ts":"2026-06-10T05:47:28.910Z","level":"warn","message":"POST /login 401 811ms","ip":"::1","userAgent":"Mozilla/5.0 (Windows NT 10.0; Win64; x64) AppleWebKit/537.36 (KHTML, like Gecko)"}
{"ts":"2026-06-10T05:48:56.017Z","level":"info","message":"Backup scheduled: 0 2 * * *"}
{"ts":"2026-06-10T05:48:56.020Z","level":"info","message":"🚀 POS Server running on port 3001"}
{"ts":"2026-06-10T05:48:56.020Z","level":"info","message":"   Environment: development"}
{"ts":"2026-06-10T05:48:56.020Z","level":"info","message":"   Client URL:  http://localhost:5173"}
{"ts":"2026-06-10T05:51:39.789Z","level":"info","message":"POST /register 201 1303ms","ip":"::1","userAgent":"Mozilla/5.0 (Windows NT 10.0; Win64; x64) AppleWebKit/537.36 (KHTML, like Gecko)"}
{"ts":"2026-06-10T05:51:47.681Z","level":"info","message":"POST /login 200 402ms","ip":"::1","userAgent":"Mozilla/5.0 (Windows NT 10.0; Win64; x64) AppleWebKit/537.36 (KHTML, like Gecko)"}
{"ts":"2026-06-10T05:51:54.267Z","level":"info","message":"POST /login 200 918ms","ip":"::1","userAgent":"Mozilla/5.0 (Windows NT 10.0; Win64; x64) AppleWebKit/537.36 (KHTML, like Gecko)"}
{"ts":"2026-06-10T05:54:04.841Z","level":"info","message":"POST /login 200 1236ms","ip":"::1","userAgent":"Mozilla/5.0 (Windows NT 10.0; Win64; x64) AppleWebKit/537.36 (KHTML, like Gecko)"}
{"ts":"2026-06-10T05:54:04.909Z","level":"warn","message":"GET /api/pending_payments/top 404 2ms","ip":"::1","userAgent":"Mozilla/5.0 (Windows NT 10.0; Win64; x64) AppleWebKit/537.36 (KHTML, like Gecko)"}
{"ts":"2026-06-10T05:54:04.911Z","level":"warn","message":"GET /api/analytics/profit 404 0ms","ip":"::1","userAgent":"Mozilla/5.0 (Windows NT 10.0; Win64; x64) AppleWebKit/537.36 (KHTML, like Gecko)"}
{"ts":"2026-06-10T05:54:04.914Z","level":"warn","message":"GET /api/pending_payments/top 404 1ms","ip":"::1","userAgent":"Mozilla/5.0 (Windows NT 10.0; Win64; x64) AppleWebKit/537.36 (KHTML, like Gecko)"}
{"ts":"2026-06-10T05:54:04.915Z","level":"warn","message":"GET /api/analytics/profit 404 1ms","ip":"::1","userAgent":"Mozilla/5.0 (Windows NT 10.0; Win64; x64) AppleWebKit/537.36 (KHTML, like Gecko)"}
{"ts":"2026-06-10T05:54:04.919Z","level":"warn","message":"GET /api/analytics/visits 404 2ms","ip":"::1","userAgent":"Mozilla/5.0 (Windows NT 10.0; Win64; x64) AppleWebKit/537.36 (KHTML, like Gecko)"}
{"ts":"2026-06-10T05:54:04.923Z","level":"warn","message":"GET /api/analytics/visits 404 1ms","ip":"::1","userAgent":"Mozilla/5.0 (Windows NT 10.0; Win64; x64) AppleWebKit/537.36 (KHTML, like Gecko)"}
{"ts":"2026-06-10T05:54:05.627Z","level":"info","message":"GET /stats 200 769ms","ip":"::1","userId":"0c544294-e96b-4556-a5b2-a9af18dfcdcc","userAgent":"Mozilla/5.0 (Windows NT 10.0; Win64; x64) AppleWebKit/537.36 (KHTML, like Gecko)"}
{"ts":"2026-06-10T05:54:05.680Z","level":"info","message":"GET / 200 781ms","ip":"::1","userId":"0c544294-e96b-4556-a5b2-a9af18dfcdcc","userAgent":"Mozilla/5.0 (Windows NT 10.0; Win64; x64) AppleWebKit/537.36 (KHTML, like Gecko)"}
{"ts":"2026-06-10T05:54:06.096Z","level":"info","message":"GET /stats 304 467ms","ip":"::1","userId":"0c544294-e96b-4556-a5b2-a9af18dfcdcc","userAgent":"Mozilla/5.0 (Windows NT 10.0; Win64; x64) AppleWebKit/537.36 (KHTML, like Gecko)"}
{"ts":"2026-06-10T05:54:06.189Z","level":"info","message":"GET / 304 507ms","ip":"::1","userId":"0c544294-e96b-4556-a5b2-a9af18dfcdcc","userAgent":"Mozilla/5.0 (Windows NT 10.0; Win64; x64) AppleWebKit/537.36 (KHTML, like Gecko)"}
{"ts":"2026-06-10T05:54:09.767Z","level":"warn","message":"GET /api/pending_payments/top 404 1ms","ip":"::1","userAgent":"Mozilla/5.0 (Windows NT 10.0; Win64; x64) AppleWebKit/537.36 (KHTML, like Gecko)"}
{"ts":"2026-06-10T05:54:09.771Z","level":"warn","message":"GET /api/analytics/profit 404 1ms","ip":"::1","userAgent":"Mozilla/5.0 (Windows NT 10.0; Win64; x64) AppleWebKit/537.36 (KHTML, like Gecko)"}
{"ts":"2026-06-10T05:54:09.777Z","level":"warn","message":"GET /api/analytics/visits 404 1ms","ip":"::1","userAgent":"Mozilla/5.0 (Windows NT 10.0; Win64; x64) AppleWebKit/537.36 (KHTML, like Gecko)"}
{"ts":"2026-06-10T05:54:09.996Z","level":"info","message":"GET / 304 232ms","ip":"::1","userId":"0c544294-e96b-4556-a5b2-a9af18dfcdcc","userAgent":"Mozilla/5.0 (Windows NT 10.0; Win64; x64) AppleWebKit/537.36 (KHTML, like Gecko)"}
{"ts":"2026-06-10T05:54:10.217Z","level":"warn","message":"GET /api/pending_payments/top 404 0ms","ip":"::1","userAgent":"Mozilla/5.0 (Windows NT 10.0; Win64; x64) AppleWebKit/537.36 (KHTML, like Gecko)"}
{"ts":"2026-06-10T05:54:10.219Z","level":"warn","message":"GET /api/analytics/profit 404 0ms","ip":"::1","userAgent":"Mozilla/5.0 (Windows NT 10.0; Win64; x64) AppleWebKit/537.36 (KHTML, like Gecko)"}
{"ts":"2026-06-10T05:54:10.221Z","level":"warn","message":"GET /api/analytics/visits 404 1ms","ip":"::1","userAgent":"Mozilla/5.0 (Windows NT 10.0; Win64; x64) AppleWebKit/537.36 (KHTML, like Gecko)"}
{"ts":"2026-06-10T05:54:10.312Z","level":"info","message":"GET /stats 304 555ms","ip":"::1","userId":"0c544294-e96b-4556-a5b2-a9af18dfcdcc","userAgent":"Mozilla/5.0 (Windows NT 10.0; Win64; x64) AppleWebKit/537.36 (KHTML, like Gecko)"}
{"ts":"2026-06-10T05:54:10.417Z","level":"info","message":"GET / 304 203ms","ip":"::1","userId":"0c544294-e96b-4556-a5b2-a9af18dfcdcc","userAgent":"Mozilla/5.0 (Windows NT 10.0; Win64; x64) AppleWebKit/537.36 (KHTML, like Gecko)"}
{"ts":"2026-06-10T05:54:10.549Z","level":"warn","message":"GET /api/pending_payments/top 404 1ms","ip":"::1","userAgent":"Mozilla/5.0 (Windows NT 10.0; Win64; x64) AppleWebKit/537.36 (KHTML, like Gecko)"}
{"ts":"2026-06-10T05:54:10.552Z","level":"warn","message":"GET /api/analytics/profit 404 1ms","ip":"::1","userAgent":"Mozilla/5.0 (Windows NT 10.0; Win64; x64) AppleWebKit/537.36 (KHTML, like Gecko)"}
{"ts":"2026-06-10T05:54:10.553Z","level":"warn","message":"GET /api/analytics/visits 404 1ms","ip":"::1","userAgent":"Mozilla/5.0 (Windows NT 10.0; Win64; x64) AppleWebKit/537.36 (KHTML, like Gecko)"}
{"ts":"2026-06-10T05:54:10.740Z","level":"warn","message":"GET /api/pending_payments/top 404 1ms","ip":"::1","userAgent":"Mozilla/5.0 (Windows NT 10.0; Win64; x64) AppleWebKit/537.36 (KHTML, like Gecko)"}
{"ts":"2026-06-10T05:54:10.745Z","level":"warn","message":"GET /api/analytics/profit 404 1ms","ip":"::1","userAgent":"Mozilla/5.0 (Windows NT 10.0; Win64; x64) AppleWebKit/537.36 (KHTML, like Gecko)"}
{"ts":"2026-06-10T05:54:10.747Z","level":"warn","message":"GET /api/analytics/visits 404 1ms","ip":"::1","userAgent":"Mozilla/5.0 (Windows NT 10.0; Win64; x64) AppleWebKit/537.36 (KHTML, like Gecko)"}
{"ts":"2026-06-10T05:54:10.755Z","level":"info","message":"GET / 304 209ms","ip":"::1","userId":"0c544294-e96b-4556-a5b2-a9af18dfcdcc","userAgent":"Mozilla/5.0 (Windows NT 10.0; Win64; x64) AppleWebKit/537.36 (KHTML, like Gecko)"}
{"ts":"2026-06-10T05:54:10.946Z","level":"info","message":"GET / 304 189ms","ip":"::1","userId":"0c544294-e96b-4556-a5b2-a9af18dfcdcc","userAgent":"Mozilla/5.0 (Windows NT 10.0; Win64; x64) AppleWebKit/537.36 (KHTML, like Gecko)"}
{"ts":"2026-06-10T05:54:10.979Z","level":"info","message":"GET /stats 304 665ms","ip":"::1","userId":"0c544294-e96b-4556-a5b2-a9af18dfcdcc","userAgent":"Mozilla/5.0 (Windows NT 10.0; Win64; x64) AppleWebKit/537.36 (KHTML, like Gecko)"}
{"ts":"2026-06-10T05:54:11.002Z","level":"warn","message":"GET /api/pending_payments/top 404 1ms","ip":"::1","userAgent":"Mozilla/5.0 (Windows NT 10.0; Win64; x64) AppleWebKit/537.36 (KHTML, like Gecko)"}
{"ts":"2026-06-10T05:54:11.004Z","level":"warn","message":"GET /api/analytics/profit 404 1ms","ip":"::1","userAgent":"Mozilla/5.0 (Windows NT 10.0; Win64; x64) AppleWebKit/537.36 (KHTML, like Gecko)"}
{"ts":"2026-06-10T05:54:11.006Z","level":"warn","message":"GET /api/analytics/visits 404 1ms","ip":"::1","userAgent":"Mozilla/5.0 (Windows NT 10.0; Win64; x64) AppleWebKit/537.36 (KHTML, like Gecko)"}
{"ts":"2026-06-10T05:54:11.183Z","level":"info","message":"GET / 304 186ms","ip":"::1","userId":"0c544294-e96b-4556-a5b2-a9af18dfcdcc","userAgent":"Mozilla/5.0 (Windows NT 10.0; Win64; x64) AppleWebKit/537.36 (KHTML, like Gecko)"}
{"ts":"2026-06-10T05:54:11.210Z","level":"warn","message":"GET /api/pending_payments/top 404 1ms","ip":"::1","userAgent":"Mozilla/5.0 (Windows NT 10.0; Win64; x64) AppleWebKit/537.36 (KHTML, like Gecko)"}
{"ts":"2026-06-10T05:54:11.212Z","level":"warn","message":"GET /api/analytics/profit 404 1ms","ip":"::1","userAgent":"Mozilla/5.0 (Windows NT 10.0; Win64; x64) AppleWebKit/537.36 (KHTML, like Gecko)"}
{"ts":"2026-06-10T05:54:11.213Z","level":"warn","message":"GET /api/analytics/visits 404 0ms","ip":"::1","userAgent":"Mozilla/5.0 (Windows NT 10.0; Win64; x64) AppleWebKit/537.36 (KHTML, like Gecko)"}
{"ts":"2026-06-10T05:54:11.282Z","level":"info","message":"GET /stats 304 300ms","ip":"::1","userId":"0c544294-e96b-4556-a5b2-a9af18dfcdcc","userAgent":"Mozilla/5.0 (Windows NT 10.0; Win64; x64) AppleWebKit/537.36 (KHTML, like Gecko)"}
{"ts":"2026-06-10T05:54:11.382Z","level":"info","message":"GET / 304 176ms","ip":"::1","userId":"0c544294-e96b-4556-a5b2-a9af18dfcdcc","userAgent":"Mozilla/5.0 (Windows NT 10.0; Win64; x64) AppleWebKit/537.36 (KHTML, like Gecko)"}
{"ts":"2026-06-10T05:54:11.733Z","level":"info","message":"GET /stats 304 448ms","ip":"::1","userId":"0c544294-e96b-4556-a5b2-a9af18dfcdcc","userAgent":"Mozilla/5.0 (Windows NT 10.0; Win64; x64) AppleWebKit/537.36 (KHTML, like Gecko)"}
{"ts":"2026-06-10T05:54:11.988Z","level":"info","message":"GET /stats 304 251ms","ip":"::1","userId":"0c544294-e96b-4556-a5b2-a9af18dfcdcc","userAgent":"Mozilla/5.0 (Windows NT 10.0; Win64; x64) AppleWebKit/537.36 (KHTML, like Gecko)"}
{"ts":"2026-06-10T05:54:12.245Z","level":"info","message":"GET /stats 304 255ms","ip":"::1","userId":"0c544294-e96b-4556-a5b2-a9af18dfcdcc","userAgent":"Mozilla/5.0 (Windows NT 10.0; Win64; x64) AppleWebKit/537.36 (KHTML, like Gecko)"}
{"ts":"2026-06-10T05:54:17.203Z","level":"info","message":"GET / 200 253ms","ip":"::1","userId":"0c544294-e96b-4556-a5b2-a9af18dfcdcc","userAgent":"Mozilla/5.0 (Windows NT 10.0; Win64; x64) AppleWebKit/537.36 (KHTML, like Gecko)"}
{"ts":"2026-06-10T05:54:17.233Z","level":"info","message":"GET / 200 280ms","ip":"::1","userId":"0c544294-e96b-4556-a5b2-a9af18dfcdcc","userAgent":"Mozilla/5.0 (Windows NT 10.0; Win64; x64) AppleWebKit/537.36 (KHTML, like Gecko)"}
{"ts":"2026-06-10T05:54:17.381Z","level":"info","message":"GET / 304 176ms","ip":"::1","userId":"0c544294-e96b-4556-a5b2-a9af18dfcdcc","userAgent":"Mozilla/5.0 (Windows NT 10.0; Win64; x64) AppleWebKit/537.36 (KHTML, like Gecko)"}
{"ts":"2026-06-10T05:54:17.414Z","level":"info","message":"GET / 304 176ms","ip":"::1","userId":"0c544294-e96b-4556-a5b2-a9af18dfcdcc","userAgent":"Mozilla/5.0 (Windows NT 10.0; Win64; x64) AppleWebKit/537.36 (KHTML, like Gecko)"}
{"ts":"2026-06-10T05:54:18.618Z","level":"warn","message":"GET /api/pending_payments 404 1ms","ip":"::1","userAgent":"Mozilla/5.0 (Windows NT 10.0; Win64; x64) AppleWebKit/537.36 (KHTML, like Gecko)"}
{"ts":"2026-06-10T05:54:18.623Z","level":"warn","message":"GET /api/pending_payments 404 0ms","ip":"::1","userAgent":"Mozilla/5.0 (Windows NT 10.0; Win64; x64) AppleWebKit/537.36 (KHTML, like Gecko)"}
{"ts":"2026-06-10T05:54:18.797Z","level":"info","message":"GET / 304 181ms","ip":"::1","userId":"0c544294-e96b-4556-a5b2-a9af18dfcdcc","userAgent":"Mozilla/5.0 (Windows NT 10.0; Win64; x64) AppleWebKit/537.36 (KHTML, like Gecko)"}
{"ts":"2026-06-10T05:54:18.974Z","level":"info","message":"GET / 304 175ms","ip":"::1","userId":"0c544294-e96b-4556-a5b2-a9af18dfcdcc","userAgent":"Mozilla/5.0 (Windows NT 10.0; Win64; x64) AppleWebKit/537.36 (KHTML, like Gecko)"}
{"ts":"2026-06-10T05:54:24.488Z","level":"info","message":"Manual backup triggered","userId":"0c544294-e96b-4556-a5b2-a9af18dfcdcc"}
{"ts":"2026-06-10T05:54:24.496Z","level":"info","message":"Starting backup: backups\\pos_backup_2026-06-10_11-24"}
{"ts":"2026-06-10T05:54:24.652Z","level":"info","message":"  Backed up customers: 4 rows"}
{"ts":"2026-06-10T05:54:24.739Z","level":"info","message":"  Backed up products: 6 rows"}
{"ts":"2026-06-10T05:54:24.828Z","level":"info","message":"  Backed up bills: 19 rows"}
{"ts":"2026-06-10T05:54:24.916Z","level":"info","message":"  Backed up bill_items: 44 rows"}
{"ts":"2026-06-10T05:54:25.003Z","level":"info","message":"  Backed up pending_payments: 6 rows"}
{"ts":"2026-06-10T05:54:25.106Z","level":"warn","message":"Skipping table payment_history: column payment_history.created_at does not exist"}
{"ts":"2026-06-10T05:54:25.205Z","level":"warn","message":"Skipping table reminders_log: column reminders_log.created_at does not exist"}
{"ts":"2026-06-10T05:54:25.295Z","level":"info","message":"  Backed up customer_visits: 5 rows"}
{"ts":"2026-06-10T05:54:25.405Z","level":"info","message":"  Backed up audit_log: 61 rows"}
{"ts":"2026-06-10T05:54:25.419Z","level":"info","message":"Backup complete: 145 total rows"}
{"ts":"2026-06-10T05:54:25.429Z","level":"info","message":"POST /run 200 940ms","ip":"::1","userId":"0c544294-e96b-4556-a5b2-a9af18dfcdcc","userAgent":"Mozilla/5.0 (Windows NT 10.0; Win64; x64) AppleWebKit/537.36 (KHTML, like Gecko)"}
{"ts":"2026-06-10T05:54:30.956Z","level":"warn","message":"GET /api/pending_payments 404 0ms","ip":"::1","userAgent":"Mozilla/5.0 (Windows NT 10.0; Win64; x64) AppleWebKit/537.36 (KHTML, like Gecko)"}
{"ts":"2026-06-10T05:54:30.958Z","level":"warn","message":"GET /api/pending_payments 404 0ms","ip":"::1","userAgent":"Mozilla/5.0 (Windows NT 10.0; Win64; x64) AppleWebKit/537.36 (KHTML, like Gecko)"}
{"ts":"2026-06-10T05:54:31.267Z","level":"info","message":"GET / 304 315ms","ip":"::1","userId":"0c544294-e96b-4556-a5b2-a9af18dfcdcc","userAgent":"Mozilla/5.0 (Windows NT 10.0; Win64; x64) AppleWebKit/537.36 (KHTML, like Gecko)"}
{"ts":"2026-06-10T05:54:31.443Z","level":"info","message":"GET / 304 172ms","ip":"::1","userId":"0c544294-e96b-4556-a5b2-a9af18dfcdcc","userAgent":"Mozilla/5.0 (Windows NT 10.0; Win64; x64) AppleWebKit/537.36 (KHTML, like Gecko)"}
{"ts":"2026-06-10T05:54:43.456Z","level":"info","message":"GET / 304 289ms","ip":"::1","userId":"0c544294-e96b-4556-a5b2-a9af18dfcdcc","userAgent":"Mozilla/5.0 (Windows NT 10.0; Win64; x64) AppleWebKit/537.36 (KHTML, like Gecko)"}
{"ts":"2026-06-10T05:54:43.634Z","level":"info","message":"GET / 304 175ms","ip":"::1","userId":"0c544294-e96b-4556-a5b2-a9af18dfcdcc","userAgent":"Mozilla/5.0 (Windows NT 10.0; Win64; x64) AppleWebKit/537.36 (KHTML, like Gecko)"}
{"ts":"2026-06-10T05:54:44.861Z","level":"warn","message":"GET /api/pending_payments 404 0ms","ip":"::1","userAgent":"Mozilla/5.0 (Windows NT 10.0; Win64; x64) AppleWebKit/537.36 (KHTML, like Gecko)"}
{"ts":"2026-06-10T05:54:44.863Z","level":"warn","message":"GET /api/pending_payments 404 1ms","ip":"::1","userAgent":"Mozilla/5.0 (Windows NT 10.0; Win64; x64) AppleWebKit/537.36 (KHTML, like Gecko)"}
{"ts":"2026-06-10T05:54:45.035Z","level":"info","message":"GET / 304 175ms","ip":"::1","userId":"0c544294-e96b-4556-a5b2-a9af18dfcdcc","userAgent":"Mozilla/5.0 (Windows NT 10.0; Win64; x64) AppleWebKit/537.36 (KHTML, like Gecko)"}
{"ts":"2026-06-10T05:54:45.213Z","level":"info","message":"GET / 304 175ms","ip":"::1","userId":"0c544294-e96b-4556-a5b2-a9af18dfcdcc","userAgent":"Mozilla/5.0 (Windows NT 10.0; Win64; x64) AppleWebKit/537.36 (KHTML, like Gecko)"}
{"ts":"2026-06-10T05:54:49.242Z","level":"info","message":"GET / 304 267ms","ip":"::1","userId":"0c544294-e96b-4556-a5b2-a9af18dfcdcc","userAgent":"Mozilla/5.0 (Windows NT 10.0; Win64; x64) AppleWebKit/537.36 (KHTML, like Gecko)"}
{"ts":"2026-06-10T05:54:49.461Z","level":"info","message":"GET / 304 218ms","ip":"::1","userId":"0c544294-e96b-4556-a5b2-a9af18dfcdcc","userAgent":"Mozilla/5.0 (Windows NT 10.0; Win64; x64) AppleWebKit/537.36 (KHTML, like Gecko)"}
{"ts":"2026-06-10T05:54:49.466Z","level":"info","message":"GET / 304 490ms","ip":"::1","userId":"0c544294-e96b-4556-a5b2-a9af18dfcdcc","userAgent":"Mozilla/5.0 (Windows NT 10.0; Win64; x64) AppleWebKit/537.36 (KHTML, like Gecko)"}
{"ts":"2026-06-10T05:54:49.677Z","level":"info","message":"GET / 304 209ms","ip":"::1","userId":"0c544294-e96b-4556-a5b2-a9af18dfcdcc","userAgent":"Mozilla/5.0 (Windows NT 10.0; Win64; x64) AppleWebKit/537.36 (KHTML, like Gecko)"}
{"ts":"2026-06-10T05:54:50.019Z","level":"warn","message":"GET /api/pending_payments/top 404 1ms","ip":"::1","userAgent":"Mozilla/5.0 (Windows NT 10.0; Win64; x64) AppleWebKit/537.36 (KHTML, like Gecko)"}
{"ts":"2026-06-10T05:54:50.022Z","level":"warn","message":"GET /api/analytics/profit 404 1ms","ip":"::1","userAgent":"Mozilla/5.0 (Windows NT 10.0; Win64; x64) AppleWebKit/537.36 (KHTML, like Gecko)"}
{"ts":"2026-06-10T05:54:50.024Z","level":"warn","message":"GET /api/pending_payments/top 404 1ms","ip":"::1","userAgent":"Mozilla/5.0 (Windows NT 10.0; Win64; x64) AppleWebKit/537.36 (KHTML, like Gecko)"}
{"ts":"2026-06-10T05:54:50.027Z","level":"warn","message":"GET /api/analytics/profit 404 0ms","ip":"::1","userAgent":"Mozilla/5.0 (Windows NT 10.0; Win64; x64) AppleWebKit/537.36 (KHTML, like Gecko)"}
{"ts":"2026-06-10T05:54:50.029Z","level":"warn","message":"GET /api/analytics/visits 404 1ms","ip":"::1","userAgent":"Mozilla/5.0 (Windows NT 10.0; Win64; x64) AppleWebKit/537.36 (KHTML, like Gecko)"}
{"ts":"2026-06-10T05:54:50.033Z","level":"warn","message":"GET /api/analytics/visits 404 1ms","ip":"::1","userAgent":"Mozilla/5.0 (Windows NT 10.0; Win64; x64) AppleWebKit/537.36 (KHTML, like Gecko)"}
{"ts":"2026-06-10T05:54:50.839Z","level":"info","message":"GET / 304 840ms","ip":"::1","userId":"0c544294-e96b-4556-a5b2-a9af18dfcdcc","userAgent":"Mozilla/5.0 (Windows NT 10.0; Win64; x64) AppleWebKit/537.36 (KHTML, like Gecko)"}
{"ts":"2026-06-10T05:54:50.979Z","level":"info","message":"GET / 304 250ms","ip":"::1","userId":"0c544294-e96b-4556-a5b2-a9af18dfcdcc","userAgent":"Mozilla/5.0 (Windows NT 10.0; Win64; x64) AppleWebKit/537.36 (KHTML, like Gecko)"}
{"ts":"2026-06-10T05:54:51.155Z","level":"info","message":"GET / 304 425ms","ip":"::1","userId":"0c544294-e96b-4556-a5b2-a9af18dfcdcc","userAgent":"Mozilla/5.0 (Windows NT 10.0; Win64; x64) AppleWebKit/537.36 (KHTML, like Gecko)"}
{"ts":"2026-06-10T05:54:51.195Z","level":"info","message":"GET / 304 215ms","ip":"::1","userId":"0c544294-e96b-4556-a5b2-a9af18dfcdcc","userAgent":"Mozilla/5.0 (Windows NT 10.0; Win64; x64) AppleWebKit/537.36 (KHTML, like Gecko)"}
{"ts":"2026-06-10T05:54:51.200Z","level":"info","message":"GET /stats 304 1193ms","ip":"::1","userId":"0c544294-e96b-4556-a5b2-a9af18dfcdcc","userAgent":"Mozilla/5.0 (Windows NT 10.0; Win64; x64) AppleWebKit/537.36 (KHTML, like Gecko)"}
{"ts":"2026-06-10T05:54:51.294Z","level":"info","message":"GET / 304 453ms","ip":"::1","userId":"0c544294-e96b-4556-a5b2-a9af18dfcdcc","userAgent":"Mozilla/5.0 (Windows NT 10.0; Win64; x64) AppleWebKit/537.36 (KHTML, like Gecko)"}
{"ts":"2026-06-10T05:54:52.721Z","level":"warn","message":"GET /api/pending_payments 404 1ms","ip":"::1","userAgent":"Mozilla/5.0 (Windows NT 10.0; Win64; x64) AppleWebKit/537.36 (KHTML, like Gecko)"}
{"ts":"2026-06-10T05:54:52.723Z","level":"warn","message":"GET /api/pending_payments 404 0ms","ip":"::1","userAgent":"Mozilla/5.0 (Windows NT 10.0; Win64; x64) AppleWebKit/537.36 (KHTML, like Gecko)"}
{"ts":"2026-06-10T05:54:52.742Z","level":"info","message":"GET / 304 1585ms","ip":"::1","userId":"0c544294-e96b-4556-a5b2-a9af18dfcdcc","userAgent":"Mozilla/5.0 (Windows NT 10.0; Win64; x64) AppleWebKit/537.36 (KHTML, like Gecko)"}
{"ts":"2026-06-10T05:54:52.900Z","level":"info","message":"GET /stats 304 1699ms","ip":"::1","userId":"0c544294-e96b-4556-a5b2-a9af18dfcdcc","userAgent":"Mozilla/5.0 (Windows NT 10.0; Win64; x64) AppleWebKit/537.36 (KHTML, like Gecko)"}
{"ts":"2026-06-10T05:54:53.026Z","level":"info","message":"GET / 304 283ms","ip":"::1","userId":"0c544294-e96b-4556-a5b2-a9af18dfcdcc","userAgent":"Mozilla/5.0 (Windows NT 10.0; Win64; x64) AppleWebKit/537.36 (KHTML, like Gecko)"}
{"ts":"2026-06-10T05:54:53.219Z","level":"info","message":"GET / 304 192ms","ip":"::1","userId":"0c544294-e96b-4556-a5b2-a9af18dfcdcc","userAgent":"Mozilla/5.0 (Windows NT 10.0; Win64; x64) AppleWebKit/537.36 (KHTML, like Gecko)"}
{"ts":"2026-06-10T05:54:59.778Z","level":"info","message":"GET / 304 281ms","ip":"::1","userId":"0c544294-e96b-4556-a5b2-a9af18dfcdcc","userAgent":"Mozilla/5.0 (Windows NT 10.0; Win64; x64) AppleWebKit/537.36 (KHTML, like Gecko)"}
{"ts":"2026-06-10T05:54:59.975Z","level":"info","message":"GET / 304 194ms","ip":"::1","userId":"0c544294-e96b-4556-a5b2-a9af18dfcdcc","userAgent":"Mozilla/5.0 (Windows NT 10.0; Win64; x64) AppleWebKit/537.36 (KHTML, like Gecko)"}
{"ts":"2026-06-10T05:55:02.220Z","level":"warn","message":"GET /api/pending_payments 404 0ms","ip":"::1","userAgent":"Mozilla/5.0 (Windows NT 10.0; Win64; x64) AppleWebKit/537.36 (KHTML, like Gecko)"}
{"ts":"2026-06-10T05:55:02.222Z","level":"warn","message":"GET /api/pending_payments 404 1ms","ip":"::1","userAgent":"Mozilla/5.0 (Windows NT 10.0; Win64; x64) AppleWebKit/537.36 (KHTML, like Gecko)"}
{"ts":"2026-06-10T05:55:03.821Z","level":"warn","message":"GET /api/pending_payments/top 404 1ms","ip":"::1","userAgent":"Mozilla/5.0 (Windows NT 10.0; Win64; x64) AppleWebKit/537.36 (KHTML, like Gecko)"}
{"ts":"2026-06-10T05:55:03.822Z","level":"warn","message":"GET /api/analytics/profit 404 0ms","ip":"::1","userAgent":"Mozilla/5.0 (Windows NT 10.0; Win64; x64) AppleWebKit/537.36 (KHTML, like Gecko)"}
{"ts":"2026-06-10T05:55:03.824Z","level":"warn","message":"GET /api/analytics/visits 404 1ms","ip":"::1","userAgent":"Mozilla/5.0 (Windows NT 10.0; Win64; x64) AppleWebKit/537.36 (KHTML, like Gecko)"}
{"ts":"2026-06-10T05:55:03.825Z","level":"warn","message":"GET /api/pending_payments/top 404 0ms","ip":"::1","userAgent":"Mozilla/5.0 (Windows NT 10.0; Win64; x64) AppleWebKit/537.36 (KHTML, like Gecko)"}
{"ts":"2026-06-10T05:55:03.827Z","level":"warn","message":"GET /api/analytics/profit 404 0ms","ip":"::1","userAgent":"Mozilla/5.0 (Windows NT 10.0; Win64; x64) AppleWebKit/537.36 (KHTML, like Gecko)"}
{"ts":"2026-06-10T05:55:03.832Z","level":"warn","message":"GET /api/analytics/visits 404 1ms","ip":"::1","userAgent":"Mozilla/5.0 (Windows NT 10.0; Win64; x64) AppleWebKit/537.36 (KHTML, like Gecko)"}
{"ts":"2026-06-10T05:55:04.027Z","level":"info","message":"GET / 304 208ms","ip":"::1","userId":"0c544294-e96b-4556-a5b2-a9af18dfcdcc","userAgent":"Mozilla/5.0 (Windows NT 10.0; Win64; x64) AppleWebKit/537.36 (KHTML, like Gecko)"}
{"ts":"2026-06-10T05:55:04.104Z","level":"info","message":"GET /stats 304 288ms","ip":"::1","userId":"0c544294-e96b-4556-a5b2-a9af18dfcdcc","userAgent":"Mozilla/5.0 (Windows NT 10.0; Win64; x64) AppleWebKit/537.36 (KHTML, like Gecko)"}
{"ts":"2026-06-10T05:55:04.230Z","level":"info","message":"GET / 304 201ms","ip":"::1","userId":"0c544294-e96b-4556-a5b2-a9af18dfcdcc","userAgent":"Mozilla/5.0 (Windows NT 10.0; Win64; x64) AppleWebKit/537.36 (KHTML, like Gecko)"}
{"ts":"2026-06-10T05:55:04.668Z","level":"info","message":"GET /stats 304 563ms","ip":"::1","userId":"0c544294-e96b-4556-a5b2-a9af18dfcdcc","userAgent":"Mozilla/5.0 (Windows NT 10.0; Win64; x64) AppleWebKit/537.36 (KHTML, like Gecko)"}
{"ts":"2026-06-10T05:56:12.040Z","level":"info","message":"GET /pending/all 200 734ms","ip":"::1","userId":"0c544294-e96b-4556-a5b2-a9af18dfcdcc","userAgent":"Mozilla/5.0 (Windows NT 10.0; Win64; x64) AppleWebKit/537.36 (KHTML, like Gecko)"}
{"ts":"2026-06-10T05:59:48.484Z","level":"info","message":"Backup scheduled: 0 2 * * *"}
{"ts":"2026-06-10T05:59:48.487Z","level":"info","message":"🚀 POS Server running on port 3001"}
{"ts":"2026-06-10T05:59:48.487Z","level":"info","message":"   Environment: development"}
{"ts":"2026-06-10T05:59:48.487Z","level":"info","message":"   Client URL:  http://localhost:5173"}
{"ts":"2026-06-10T06:00:32.188Z","level":"warn","message":"GET /api/analytics/visits 404 4ms","ip":"::1","userAgent":"Mozilla/5.0 (Windows NT 10.0; Win64; x64) AppleWebKit/537.36 (KHTML, like Gecko)"}
{"ts":"2026-06-10T06:00:32.190Z","level":"warn","message":"GET /api/analytics/visits 404 0ms","ip":"::1","userAgent":"Mozilla/5.0 (Windows NT 10.0; Win64; x64) AppleWebKit/537.36 (KHTML, like Gecko)"}
{"ts":"2026-06-10T06:00:32.192Z","level":"warn","message":"GET /api/analytics/profit 404 0ms","ip":"::1","userAgent":"Mozilla/5.0 (Windows NT 10.0; Win64; x64) AppleWebKit/537.36 (KHTML, like Gecko)"}
{"ts":"2026-06-10T06:00:32.198Z","level":"warn","message":"GET /api/analytics/profit 404 1ms","ip":"::1","userAgent":"Mozilla/5.0 (Windows NT 10.0; Win64; x64) AppleWebKit/537.36 (KHTML, like Gecko)"}
{"ts":"2026-06-10T06:00:33.098Z","level":"info","message":"GET /stats 200 941ms","ip":"::1","userId":"0c544294-e96b-4556-a5b2-a9af18dfcdcc","userAgent":"Mozilla/5.0 (Windows NT 10.0; Win64; x64) AppleWebKit/537.36 (KHTML, like Gecko)"}
{"ts":"2026-06-10T06:00:33.100Z","level":"info","message":"GET /pending/all 200 907ms","ip":"::1","userId":"0c544294-e96b-4556-a5b2-a9af18dfcdcc","userAgent":"Mozilla/5.0 (Windows NT 10.0; Win64; x64) AppleWebKit/537.36 (KHTML, like Gecko)"}
{"ts":"2026-06-10T06:00:33.123Z","level":"info","message":"GET / 200 941ms","ip":"::1","userId":"0c544294-e96b-4556-a5b2-a9af18dfcdcc","userAgent":"Mozilla/5.0 (Windows NT 10.0; Win64; x64) AppleWebKit/537.36 (KHTML, like Gecko)"}
{"ts":"2026-06-10T06:00:33.126Z","level":"warn","message":"GET /api/analytics/profit 404 1ms","ip":"::1","userAgent":"Mozilla/5.0 (Windows NT 10.0; Win64; x64) AppleWebKit/537.36 (KHTML, like Gecko)"}
{"ts":"2026-06-10T06:00:33.127Z","level":"warn","message":"GET /api/analytics/visits 404 0ms","ip":"::1","userAgent":"Mozilla/5.0 (Windows NT 10.0; Win64; x64) AppleWebKit/537.36 (KHTML, like Gecko)"}
{"ts":"2026-06-10T06:00:33.374Z","level":"info","message":"GET /pending/all 304 257ms","ip":"::1","userId":"0c544294-e96b-4556-a5b2-a9af18dfcdcc","userAgent":"Mozilla/5.0 (Windows NT 10.0; Win64; x64) AppleWebKit/537.36 (KHTML, like Gecko)"}
{"ts":"2026-06-10T06:00:33.423Z","level":"info","message":"GET / 304 295ms","ip":"::1","userId":"0c544294-e96b-4556-a5b2-a9af18dfcdcc","userAgent":"Mozilla/5.0 (Windows NT 10.0; Win64; x64) AppleWebKit/537.36 (KHTML, like Gecko)"}
{"ts":"2026-06-10T06:00:33.626Z","level":"info","message":"GET /pending/all 304 249ms","ip":"::1","userId":"0c544294-e96b-4556-a5b2-a9af18dfcdcc","userAgent":"Mozilla/5.0 (Windows NT 10.0; Win64; x64) AppleWebKit/537.36 (KHTML, like Gecko)"}
{"ts":"2026-06-10T06:00:33.654Z","level":"info","message":"GET / 304 229ms","ip":"::1","userId":"0c544294-e96b-4556-a5b2-a9af18dfcdcc","userAgent":"Mozilla/5.0 (Windows NT 10.0; Win64; x64) AppleWebKit/537.36 (KHTML, like Gecko)"}
{"ts":"2026-06-10T06:00:33.697Z","level":"info","message":"GET /stats 304 592ms","ip":"::1","userId":"0c544294-e96b-4556-a5b2-a9af18dfcdcc","userAgent":"Mozilla/5.0 (Windows NT 10.0; Win64; x64) AppleWebKit/537.36 (KHTML, like Gecko)"}
{"ts":"2026-06-10T06:00:33.956Z","level":"info","message":"GET /stats 304 257ms","ip":"::1","userId":"0c544294-e96b-4556-a5b2-a9af18dfcdcc","userAgent":"Mozilla/5.0 (Windows NT 10.0; Win64; x64) AppleWebKit/537.36 (KHTML, like Gecko)"}
{"ts":"2026-06-10T06:00:34.626Z","level":"warn","message":"GET /api/analytics/profit 404 0ms","ip":"::1","userAgent":"Mozilla/5.0 (Windows NT 10.0; Win64; x64) AppleWebKit/537.36 (KHTML, like Gecko)"}
{"ts":"2026-06-10T06:00:34.630Z","level":"warn","message":"GET /api/analytics/visits 404 1ms","ip":"::1","userAgent":"Mozilla/5.0 (Windows NT 10.0; Win64; x64) AppleWebKit/537.36 (KHTML, like Gecko)"}
{"ts":"2026-06-10T06:00:34.846Z","level":"info","message":"GET /pending/all 304 221ms","ip":"::1","userId":"0c544294-e96b-4556-a5b2-a9af18dfcdcc","userAgent":"Mozilla/5.0 (Windows NT 10.0; Win64; x64) AppleWebKit/537.36 (KHTML, like Gecko)"}
{"ts":"2026-06-10T06:00:34.864Z","level":"info","message":"GET / 304 239ms","ip":"::1","userId":"0c544294-e96b-4556-a5b2-a9af18dfcdcc","userAgent":"Mozilla/5.0 (Windows NT 10.0; Win64; x64) AppleWebKit/537.36 (KHTML, like Gecko)"}
{"ts":"2026-06-10T06:00:35.152Z","level":"info","message":"GET /stats 304 532ms","ip":"::1","userId":"0c544294-e96b-4556-a5b2-a9af18dfcdcc","userAgent":"Mozilla/5.0 (Windows NT 10.0; Win64; x64) AppleWebKit/537.36 (KHTML, like Gecko)"}
{"ts":"2026-06-10T06:00:36.429Z","level":"warn","message":"GET /api/analytics/profit 404 1ms","ip":"::1","userAgent":"Mozilla/5.0 (Windows NT 10.0; Win64; x64) AppleWebKit/537.36 (KHTML, like Gecko)"}
{"ts":"2026-06-10T06:00:36.431Z","level":"warn","message":"GET /api/analytics/visits 404 0ms","ip":"::1","userAgent":"Mozilla/5.0 (Windows NT 10.0; Win64; x64) AppleWebKit/537.36 (KHTML, like Gecko)"}
{"ts":"2026-06-10T06:00:36.435Z","level":"warn","message":"GET /api/analytics/profit 404 1ms","ip":"::1","userAgent":"Mozilla/5.0 (Windows NT 10.0; Win64; x64) AppleWebKit/537.36 (KHTML, like Gecko)"}
{"ts":"2026-06-10T06:00:36.439Z","level":"warn","message":"GET /api/analytics/visits 404 0ms","ip":"::1","userAgent":"Mozilla/5.0 (Windows NT 10.0; Win64; x64) AppleWebKit/537.36 (KHTML, like Gecko)"}
{"ts":"2026-06-10T06:00:36.594Z","level":"info","message":"GET /pending/all 304 168ms","ip":"::1","userId":"0c544294-e96b-4556-a5b2-a9af18dfcdcc","userAgent":"Mozilla/5.0 (Windows NT 10.0; Win64; x64) AppleWebKit/537.36 (KHTML, like Gecko)"}
{"ts":"2026-06-10T06:00:36.605Z","level":"info","message":"GET / 304 181ms","ip":"::1","userId":"0c544294-e96b-4556-a5b2-a9af18dfcdcc","userAgent":"Mozilla/5.0 (Windows NT 10.0; Win64; x64) AppleWebKit/537.36 (KHTML, like Gecko)"}
{"ts":"2026-06-10T06:00:36.669Z","level":"info","message":"GET /stats 304 250ms","ip":"::1","userId":"0c544294-e96b-4556-a5b2-a9af18dfcdcc","userAgent":"Mozilla/5.0 (Windows NT 10.0; Win64; x64) AppleWebKit/537.36 (KHTML, like Gecko)"}
{"ts":"2026-06-10T06:00:36.785Z","level":"info","message":"GET /pending/all 304 185ms","ip":"::1","userId":"0c544294-e96b-4556-a5b2-a9af18dfcdcc","userAgent":"Mozilla/5.0 (Windows NT 10.0; Win64; x64) AppleWebKit/537.36 (KHTML, like Gecko)"}
{"ts":"2026-06-10T06:00:36.793Z","level":"info","message":"GET / 304 181ms","ip":"::1","userId":"0c544294-e96b-4556-a5b2-a9af18dfcdcc","userAgent":"Mozilla/5.0 (Windows NT 10.0; Win64; x64) AppleWebKit/537.36 (KHTML, like Gecko)"}
{"ts":"2026-06-10T06:00:36.933Z","level":"info","message":"GET /stats 304 262ms","ip":"::1","userId":"0c544294-e96b-4556-a5b2-a9af18dfcdcc","userAgent":"Mozilla/5.0 (Windows NT 10.0; Win64; x64) AppleWebKit/537.36 (KHTML, like Gecko)"}
{"ts":"2026-06-10T06:00:37.190Z","level":"warn","message":"GET /api/analytics/profit 404 0ms","ip":"::1","userAgent":"Mozilla/5.0 (Windows NT 10.0; Win64; x64) AppleWebKit/537.36 (KHTML, like Gecko)"}
{"ts":"2026-06-10T06:00:37.193Z","level":"warn","message":"GET /api/analytics/visits 404 0ms","ip":"::1","userAgent":"Mozilla/5.0 (Windows NT 10.0; Win64; x64) AppleWebKit/537.36 (KHTML, like Gecko)"}
{"ts":"2026-06-10T06:00:37.195Z","level":"warn","message":"GET /api/analytics/profit 404 1ms","ip":"::1","userAgent":"Mozilla/5.0 (Windows NT 10.0; Win64; x64) AppleWebKit/537.36 (KHTML, like Gecko)"}
{"ts":"2026-06-10T06:00:37.197Z","level":"warn","message":"GET /api/analytics/visits 404 0ms","ip":"::1","userAgent":"Mozilla/5.0 (Windows NT 10.0; Win64; x64) AppleWebKit/537.36 (KHTML, like Gecko)"}
{"ts":"2026-06-10T06:00:37.376Z","level":"warn","message":"GET /api/analytics/profit 404 1ms","ip":"::1","userAgent":"Mozilla/5.0 (Windows NT 10.0; Win64; x64) AppleWebKit/537.36 (KHTML, like Gecko)"}
{"ts":"2026-06-10T06:00:37.378Z","level":"warn","message":"GET /api/analytics/visits 404 1ms","ip":"::1","userAgent":"Mozilla/5.0 (Windows NT 10.0; Win64; x64) AppleWebKit/537.36 (KHTML, like Gecko)"}
{"ts":"2026-06-10T06:00:37.383Z","level":"warn","message":"GET /api/analytics/profit 404 1ms","ip":"::1","userAgent":"Mozilla/5.0 (Windows NT 10.0; Win64; x64) AppleWebKit/537.36 (KHTML, like Gecko)"}
{"ts":"2026-06-10T06:00:37.389Z","level":"warn","message":"GET /api/analytics/visits 404 1ms","ip":"::1","userAgent":"Mozilla/5.0 (Windows NT 10.0; Win64; x64) AppleWebKit/537.36 (KHTML, like Gecko)"}
{"ts":"2026-06-10T06:00:37.567Z","level":"warn","message":"GET /api/analytics/profit 404 0ms","ip":"::1","userAgent":"Mozilla/5.0 (Windows NT 10.0; Win64; x64) AppleWebKit/537.36 (KHTML, like Gecko)"}
{"ts":"2026-06-10T06:00:37.568Z","level":"warn","message":"GET /api/analytics/visits 404 0ms","ip":"::1","userAgent":"Mozilla/5.0 (Windows NT 10.0; Win64; x64) AppleWebKit/537.36 (KHTML, like Gecko)"}
{"ts":"2026-06-10T06:00:37.569Z","level":"warn","message":"GET /api/analytics/profit 404 1ms","ip":"::1","userAgent":"Mozilla/5.0 (Windows NT 10.0; Win64; x64) AppleWebKit/537.36 (KHTML, like Gecko)"}
{"ts":"2026-06-10T06:00:37.570Z","level":"warn","message":"GET /api/analytics/visits 404 1ms","ip":"::1","userAgent":"Mozilla/5.0 (Windows NT 10.0; Win64; x64) AppleWebKit/537.36 (KHTML, like Gecko)"}
{"ts":"2026-06-10T06:00:37.743Z","level":"warn","message":"GET /api/analytics/profit 404 1ms","ip":"::1","userAgent":"Mozilla/5.0 (Windows NT 10.0; Win64; x64) AppleWebKit/537.36 (KHTML, like Gecko)"}
{"ts":"2026-06-10T06:00:37.743Z","level":"warn","message":"GET /api/analytics/visits 404 0ms","ip":"::1","userAgent":"Mozilla/5.0 (Windows NT 10.0; Win64; x64) AppleWebKit/537.36 (KHTML, like Gecko)"}
{"ts":"2026-06-10T06:00:37.745Z","level":"warn","message":"GET /api/analytics/profit 404 0ms","ip":"::1","userAgent":"Mozilla/5.0 (Windows NT 10.0; Win64; x64) AppleWebKit/537.36 (KHTML, like Gecko)"}
{"ts":"2026-06-10T06:00:37.746Z","level":"warn","message":"GET /api/analytics/visits 404 0ms","ip":"::1","userAgent":"Mozilla/5.0 (Windows NT 10.0; Win64; x64) AppleWebKit/537.36 (KHTML, like Gecko)"}
{"ts":"2026-06-10T06:00:37.930Z","level":"warn","message":"GET /api/analytics/profit 404 0ms","ip":"::1","userAgent":"Mozilla/5.0 (Windows NT 10.0; Win64; x64) AppleWebKit/537.36 (KHTML, like Gecko)"}
{"ts":"2026-06-10T06:00:37.932Z","level":"warn","message":"GET /api/analytics/visits 404 0ms","ip":"::1","userAgent":"Mozilla/5.0 (Windows NT 10.0; Win64; x64) AppleWebKit/537.36 (KHTML, like Gecko)"}
{"ts":"2026-06-10T06:00:37.934Z","level":"warn","message":"GET /api/analytics/profit 404 0ms","ip":"::1","userAgent":"Mozilla/5.0 (Windows NT 10.0; Win64; x64) AppleWebKit/537.36 (KHTML, like Gecko)"}
{"ts":"2026-06-10T06:00:37.937Z","level":"warn","message":"GET /api/analytics/visits 404 1ms","ip":"::1","userAgent":"Mozilla/5.0 (Windows NT 10.0; Win64; x64) AppleWebKit/537.36 (KHTML, like Gecko)"}
{"ts":"2026-06-10T06:00:38.096Z","level":"info","message":"GET / 200 177ms","ip":"::1","userId":"0c544294-e96b-4556-a5b2-a9af18dfcdcc","userAgent":"Mozilla/5.0 (Windows NT 10.0; Win64; x64) AppleWebKit/537.36 (KHTML, like Gecko)"}
{"ts":"2026-06-10T06:00:38.161Z","level":"info","message":"GET /pending/all 200 235ms","ip":"::1","userId":"0c544294-e96b-4556-a5b2-a9af18dfcdcc","userAgent":"Mozilla/5.0 (Windows NT 10.0; Win64; x64) AppleWebKit/537.36 (KHTML, like Gecko)"}
{"ts":"2026-06-10T06:00:38.176Z","level":"info","message":"GET /stats 200 262ms","ip":"::1","userId":"0c544294-e96b-4556-a5b2-a9af18dfcdcc","userAgent":"Mozilla/5.0 (Windows NT 10.0; Win64; x64) AppleWebKit/537.36 (KHTML, like Gecko)"}
{"ts":"2026-06-10T06:00:38.270Z","level":"info","message":"GET / 304 173ms","ip":"::1","userId":"0c544294-e96b-4556-a5b2-a9af18dfcdcc","userAgent":"Mozilla/5.0 (Windows NT 10.0; Win64; x64) AppleWebKit/537.36 (KHTML, like Gecko)"}
{"ts":"2026-06-10T06:00:38.334Z","level":"info","message":"GET /pending/all 304 172ms","ip":"::1","userId":"0c544294-e96b-4556-a5b2-a9af18dfcdcc","userAgent":"Mozilla/5.0 (Windows NT 10.0; Win64; x64) AppleWebKit/537.36 (KHTML, like Gecko)"}
{"ts":"2026-06-10T06:00:38.439Z","level":"info","message":"GET /stats 304 261ms","ip":"::1","userId":"0c544294-e96b-4556-a5b2-a9af18dfcdcc","userAgent":"Mozilla/5.0 (Windows NT 10.0; Win64; x64) AppleWebKit/537.36 (KHTML, like Gecko)"}
{"ts":"2026-06-10T06:00:38.880Z","level":"warn","message":"GET /api/pending_payments 404 2ms","ip":"::1","userAgent":"Mozilla/5.0 (Windows NT 10.0; Win64; x64) AppleWebKit/537.36 (KHTML, like Gecko)"}
{"ts":"2026-06-10T06:00:38.883Z","level":"warn","message":"GET /api/pending_payments 404 1ms","ip":"::1","userAgent":"Mozilla/5.0 (Windows NT 10.0; Win64; x64) AppleWebKit/537.36 (KHTML, like Gecko)"}
{"ts":"2026-06-10T06:00:39.058Z","level":"info","message":"GET / 200 182ms","ip":"::1","userId":"0c544294-e96b-4556-a5b2-a9af18dfcdcc","userAgent":"Mozilla/5.0 (Windows NT 10.0; Win64; x64) AppleWebKit/537.36 (KHTML, like Gecko)"}
{"ts":"2026-06-10T06:00:39.230Z","level":"info","message":"GET / 304 170ms","ip":"::1","userId":"0c544294-e96b-4556-a5b2-a9af18dfcdcc","userAgent":"Mozilla/5.0 (Windows NT 10.0; Win64; x64) AppleWebKit/537.36 (KHTML, like Gecko)"}
{"ts":"2026-06-10T06:00:39.613Z","level":"info","message":"GET / 304 169ms","ip":"::1","userId":"0c544294-e96b-4556-a5b2-a9af18dfcdcc","userAgent":"Mozilla/5.0 (Windows NT 10.0; Win64; x64) AppleWebKit/537.36 (KHTML, like Gecko)"}
{"ts":"2026-06-10T06:00:39.630Z","level":"info","message":"GET / 200 185ms","ip":"::1","userId":"0c544294-e96b-4556-a5b2-a9af18dfcdcc","userAgent":"Mozilla/5.0 (Windows NT 10.0; Win64; x64) AppleWebKit/537.36 (KHTML, like Gecko)"}
{"ts":"2026-06-10T06:00:39.795Z","level":"info","message":"GET / 304 179ms","ip":"::1","userId":"0c544294-e96b-4556-a5b2-a9af18dfcdcc","userAgent":"Mozilla/5.0 (Windows NT 10.0; Win64; x64) AppleWebKit/537.36 (KHTML, like Gecko)"}
{"ts":"2026-06-10T06:00:39.811Z","level":"info","message":"GET / 304 175ms","ip":"::1","userId":"0c544294-e96b-4556-a5b2-a9af18dfcdcc","userAgent":"Mozilla/5.0 (Windows NT 10.0; Win64; x64) AppleWebKit/537.36 (KHTML, like Gecko)"}
{"ts":"2026-06-10T06:00:40.944Z","level":"info","message":"GET / 304 171ms","ip":"::1","userId":"0c544294-e96b-4556-a5b2-a9af18dfcdcc","userAgent":"Mozilla/5.0 (Windows NT 10.0; Win64; x64) AppleWebKit/537.36 (KHTML, like Gecko)"}
{"ts":"2026-06-10T06:00:41.126Z","level":"info","message":"GET / 304 181ms","ip":"::1","userId":"0c544294-e96b-4556-a5b2-a9af18dfcdcc","userAgent":"Mozilla/5.0 (Windows NT 10.0; Win64; x64) AppleWebKit/537.36 (KHTML, like Gecko)"}
{"ts":"2026-06-10T06:00:41.411Z","level":"warn","message":"GET /api/pending_payments 404 0ms","ip":"::1","userAgent":"Mozilla/5.0 (Windows NT 10.0; Win64; x64) AppleWebKit/537.36 (KHTML, like Gecko)"}
{"ts":"2026-06-10T06:00:41.414Z","level":"warn","message":"GET /api/pending_payments 404 1ms","ip":"::1","userAgent":"Mozilla/5.0 (Windows NT 10.0; Win64; x64) AppleWebKit/537.36 (KHTML, like Gecko)"}
{"ts":"2026-06-10T06:00:41.583Z","level":"info","message":"GET / 304 175ms","ip":"::1","userId":"0c544294-e96b-4556-a5b2-a9af18dfcdcc","userAgent":"Mozilla/5.0 (Windows NT 10.0; Win64; x64) AppleWebKit/537.36 (KHTML, like Gecko)"}
{"ts":"2026-06-10T06:00:41.765Z","level":"info","message":"GET / 304 180ms","ip":"::1","userId":"0c544294-e96b-4556-a5b2-a9af18dfcdcc","userAgent":"Mozilla/5.0 (Windows NT 10.0; Win64; x64) AppleWebKit/537.36 (KHTML, like Gecko)"}
{"ts":"2026-06-10T06:01:03.461Z","level":"warn","message":"GET /api/reports/reminder_logs 404 0ms","ip":"::1","userAgent":"Mozilla/5.0 (Windows NT 10.0; Win64; x64) AppleWebKit/537.36 (KHTML, like Gecko)"}
{"ts":"2026-06-10T06:01:03.465Z","level":"warn","message":"GET /api/reports/reminder_logs 404 0ms","ip":"::1","userAgent":"Mozilla/5.0 (Windows NT 10.0; Win64; x64) AppleWebKit/537.36 (KHTML, like Gecko)"}
{"ts":"2026-06-10T06:01:03.896Z","level":"info","message":"GET /pending/all 304 438ms","ip":"::1","userId":"0c544294-e96b-4556-a5b2-a9af18dfcdcc","userAgent":"Mozilla/5.0 (Windows NT 10.0; Win64; x64) AppleWebKit/537.36 (KHTML, like Gecko)"}
{"ts":"2026-06-10T06:01:04.075Z","level":"info","message":"GET /pending/all 304 177ms","ip":"::1","userId":"0c544294-e96b-4556-a5b2-a9af18dfcdcc","userAgent":"Mozilla/5.0 (Windows NT 10.0; Win64; x64) AppleWebKit/537.36 (KHTML, like Gecko)"}
{"ts":"2026-06-10T06:01:04.910Z","level":"warn","message":"GET /api/analytics/profit 404 0ms","ip":"::1","userAgent":"Mozilla/5.0 (Windows NT 10.0; Win64; x64) AppleWebKit/537.36 (KHTML, like Gecko)"}
{"ts":"2026-06-10T06:01:04.912Z","level":"warn","message":"GET /api/analytics/profit 404 1ms","ip":"::1","userAgent":"Mozilla/5.0 (Windows NT 10.0; Win64; x64) AppleWebKit/537.36 (KHTML, like Gecko)"}
{"ts":"2026-06-10T06:01:04.913Z","level":"warn","message":"GET /api/analytics/profit 404 0ms","ip":"::1","userAgent":"Mozilla/5.0 (Windows NT 10.0; Win64; x64) AppleWebKit/537.36 (KHTML, like Gecko)"}
{"ts":"2026-06-10T06:01:04.913Z","level":"warn","message":"GET /api/reports/top_products 404 0ms","ip":"::1","userAgent":"Mozilla/5.0 (Windows NT 10.0; Win64; x64) AppleWebKit/537.36 (KHTML, like Gecko)"}
{"ts":"2026-06-10T06:01:04.914Z","level":"warn","message":"GET /api/reports/summary 404 0ms","ip":"::1","userAgent":"Mozilla/5.0 (Windows NT 10.0; Win64; x64) AppleWebKit/537.36 (KHTML, like Gecko)"}
{"ts":"2026-06-10T06:01:04.916Z","level":"warn","message":"GET /api/reports/summary 404 1ms","ip":"::1","userAgent":"Mozilla/5.0 (Windows NT 10.0; Win64; x64) AppleWebKit/537.36 (KHTML, like Gecko)"}
{"ts":"2026-06-10T06:01:04.918Z","level":"warn","message":"GET /api/analytics/profit 404 1ms","ip":"::1","userAgent":"Mozilla/5.0 (Windows NT 10.0; Win64; x64) AppleWebKit/537.36 (KHTML, like Gecko)"}
{"ts":"2026-06-10T06:01:04.920Z","level":"warn","message":"GET /api/reports/top_products 404 1ms","ip":"::1","userAgent":"Mozilla/5.0 (Windows NT 10.0; Win64; x64) AppleWebKit/537.36 (KHTML, like Gecko)"}
{"ts":"2026-06-10T06:01:07.271Z","level":"warn","message":"GET /api/reports/reminder_logs 404 1ms","ip":"::1","userAgent":"Mozilla/5.0 (Windows NT 10.0; Win64; x64) AppleWebKit/537.36 (KHTML, like Gecko)"}
{"ts":"2026-06-10T06:01:07.274Z","level":"warn","message":"GET /api/reports/reminder_logs 404 1ms","ip":"::1","userAgent":"Mozilla/5.0 (Windows NT 10.0; Win64; x64) AppleWebKit/537.36 (KHTML, like Gecko)"}
{"ts":"2026-06-10T06:01:07.426Z","level":"info","message":"GET /pending/all 304 158ms","ip":"::1","userId":"0c544294-e96b-4556-a5b2-a9af18dfcdcc","userAgent":"Mozilla/5.0 (Windows NT 10.0; Win64; x64) AppleWebKit/537.36 (KHTML, like Gecko)"}
{"ts":"2026-06-10T06:01:07.612Z","level":"info","message":"GET /pending/all 304 182ms","ip":"::1","userId":"0c544294-e96b-4556-a5b2-a9af18dfcdcc","userAgent":"Mozilla/5.0 (Windows NT 10.0; Win64; x64) AppleWebKit/537.36 (KHTML, like Gecko)"}
{"ts":"2026-06-10T06:01:11.311Z","level":"warn","message":"GET /api/analytics/profit 404 1ms","ip":"::1","userAgent":"Mozilla/5.0 (Windows NT 10.0; Win64; x64) AppleWebKit/537.36 (KHTML, like Gecko)"}
{"ts":"2026-06-10T06:01:11.316Z","level":"warn","message":"GET /api/analytics/profit 404 1ms","ip":"::1","userAgent":"Mozilla/5.0 (Windows NT 10.0; Win64; x64) AppleWebKit/537.36 (KHTML, like Gecko)"}
{"ts":"2026-06-10T06:01:11.318Z","level":"warn","message":"GET /api/analytics/profit 404 0ms","ip":"::1","userAgent":"Mozilla/5.0 (Windows NT 10.0; Win64; x64) AppleWebKit/537.36 (KHTML, like Gecko)"}
{"ts":"2026-06-10T06:01:11.321Z","level":"warn","message":"GET /api/reports/top_products 404 2ms","ip":"::1","userAgent":"Mozilla/5.0 (Windows NT 10.0; Win64; x64) AppleWebKit/537.36 (KHTML, like Gecko)"}
{"ts":"2026-06-10T06:01:11.325Z","level":"warn","message":"GET /api/reports/summary 404 1ms","ip":"::1","userAgent":"Mozilla/5.0 (Windows NT 10.0; Win64; x64) AppleWebKit/537.36 (KHTML, like Gecko)"}
{"ts":"2026-06-10T06:01:11.328Z","level":"warn","message":"GET /api/analytics/profit 404 1ms","ip":"::1","userAgent":"Mozilla/5.0 (Windows NT 10.0; Win64; x64) AppleWebKit/537.36 (KHTML, like Gecko)"}
{"ts":"2026-06-10T06:01:11.331Z","level":"warn","message":"GET /api/reports/top_products 404 1ms","ip":"::1","userAgent":"Mozilla/5.0 (Windows NT 10.0; Win64; x64) AppleWebKit/537.36 (KHTML, like Gecko)"}
{"ts":"2026-06-10T06:01:11.332Z","level":"warn","message":"GET /api/reports/summary 404 0ms","ip":"::1","userAgent":"Mozilla/5.0 (Windows NT 10.0; Win64; x64) AppleWebKit/537.36 (KHTML, like Gecko)"}
{"ts":"2026-06-10T06:01:13.695Z","level":"info","message":"GET /pending/all 304 672ms","ip":"::1","userId":"0c544294-e96b-4556-a5b2-a9af18dfcdcc","userAgent":"Mozilla/5.0 (Windows NT 10.0; Win64; x64) AppleWebKit/537.36 (KHTML, like Gecko)"}
{"ts":"2026-06-10T06:01:13.901Z","level":"info","message":"GET /pending/all 304 204ms","ip":"::1","userId":"0c544294-e96b-4556-a5b2-a9af18dfcdcc","userAgent":"Mozilla/5.0 (Windows NT 10.0; Win64; x64) AppleWebKit/537.36 (KHTML, like Gecko)"}
{"ts":"2026-06-10T06:01:13.971Z","level":"info","message":"GET / 304 290ms","ip":"::1","userId":"0c544294-e96b-4556-a5b2-a9af18dfcdcc","userAgent":"Mozilla/5.0 (Windows NT 10.0; Win64; x64) AppleWebKit/537.36 (KHTML, like Gecko)"}
{"ts":"2026-06-10T06:01:14.146Z","level":"info","message":"GET / 304 174ms","ip":"::1","userId":"0c544294-e96b-4556-a5b2-a9af18dfcdcc","userAgent":"Mozilla/5.0 (Windows NT 10.0; Win64; x64) AppleWebKit/537.36 (KHTML, like Gecko)"}
{"ts":"2026-06-10T06:01:14.230Z","level":"warn","message":"GET /api/pending_payments 404 1ms","ip":"::1","userAgent":"Mozilla/5.0 (Windows NT 10.0; Win64; x64) AppleWebKit/537.36 (KHTML, like Gecko)"}
{"ts":"2026-06-10T06:01:14.231Z","level":"warn","message":"GET /api/pending_payments 404 0ms","ip":"::1","userAgent":"Mozilla/5.0 (Windows NT 10.0; Win64; x64) AppleWebKit/537.36 (KHTML, like Gecko)"}
{"ts":"2026-06-10T06:01:14.401Z","level":"info","message":"GET / 304 173ms","ip":"::1","userId":"0c544294-e96b-4556-a5b2-a9af18dfcdcc","userAgent":"Mozilla/5.0 (Windows NT 10.0; Win64; x64) AppleWebKit/537.36 (KHTML, like Gecko)"}
{"ts":"2026-06-10T06:01:14.577Z","level":"info","message":"GET / 304 174ms","ip":"::1","userId":"0c544294-e96b-4556-a5b2-a9af18dfcdcc","userAgent":"Mozilla/5.0 (Windows NT 10.0; Win64; x64) AppleWebKit/537.36 (KHTML, like Gecko)"}
{"ts":"2026-06-10T06:02:36.913Z","level":"info","message":"GET / 304 615ms","ip":"::1","userId":"0c544294-e96b-4556-a5b2-a9af18dfcdcc","userAgent":"Mozilla/5.0 (Windows NT 10.0; Win64; x64) AppleWebKit/537.36 (KHTML, like Gecko)"}
{"ts":"2026-06-10T06:02:36.920Z","level":"info","message":"GET /pending/all 304 621ms","ip":"::1","userId":"0c544294-e96b-4556-a5b2-a9af18dfcdcc","userAgent":"Mozilla/5.0 (Windows NT 10.0; Win64; x64) AppleWebKit/537.36 (KHTML, like Gecko)"}
{"ts":"2026-06-10T06:02:54.837Z","level":"info","message":"GET / 304 542ms","ip":"::1","userId":"0c544294-e96b-4556-a5b2-a9af18dfcdcc","userAgent":"Mozilla/5.0 (Windows NT 10.0; Win64; x64) AppleWebKit/537.36 (KHTML, like Gecko)"}
{"ts":"2026-06-10T06:02:55.093Z","level":"info","message":"GET /pending/all 304 797ms","ip":"::1","userId":"0c544294-e96b-4556-a5b2-a9af18dfcdcc","userAgent":"Mozilla/5.0 (Windows NT 10.0; Win64; x64) AppleWebKit/537.36 (KHTML, like Gecko)"}
{"ts":"2026-06-10T06:03:19.525Z","level":"info","message":"GET / 304 237ms","ip":"::1","userId":"0c544294-e96b-4556-a5b2-a9af18dfcdcc","userAgent":"Mozilla/5.0 (Windows NT 10.0; Win64; x64) AppleWebKit/537.36 (KHTML, like Gecko)"}
{"ts":"2026-06-10T06:03:19.526Z","level":"info","message":"GET / 304 240ms","ip":"::1","userId":"0c544294-e96b-4556-a5b2-a9af18dfcdcc","userAgent":"Mozilla/5.0 (Windows NT 10.0; Win64; x64) AppleWebKit/537.36 (KHTML, like Gecko)"}
{"ts":"2026-06-10T06:03:19.669Z","level":"info","message":"GET / 304 140ms","ip":"::1","userId":"0c544294-e96b-4556-a5b2-a9af18dfcdcc","userAgent":"Mozilla/5.0 (Windows NT 10.0; Win64; x64) AppleWebKit/537.36 (KHTML, like Gecko)"}
{"ts":"2026-06-10T06:03:19.706Z","level":"info","message":"GET / 304 178ms","ip":"::1","userId":"0c544294-e96b-4556-a5b2-a9af18dfcdcc","userAgent":"Mozilla/5.0 (Windows NT 10.0; Win64; x64) AppleWebKit/537.36 (KHTML, like Gecko)"}
{"ts":"2026-06-10T06:03:19.858Z","level":"warn","message":"GET /api/analytics/profit 404 0ms","ip":"::1","userAgent":"Mozilla/5.0 (Windows NT 10.0; Win64; x64) AppleWebKit/537.36 (KHTML, like Gecko)"}
{"ts":"2026-06-10T06:03:19.861Z","level":"warn","message":"GET /api/analytics/profit 404 0ms","ip":"::1","userAgent":"Mozilla/5.0 (Windows NT 10.0; Win64; x64) AppleWebKit/537.36 (KHTML, like Gecko)"}
{"ts":"2026-06-10T06:03:19.863Z","level":"warn","message":"GET /api/analytics/visits 404 1ms","ip":"::1","userAgent":"Mozilla/5.0 (Windows NT 10.0; Win64; x64) AppleWebKit/537.36 (KHTML, like Gecko)"}
{"ts":"2026-06-10T06:03:19.867Z","level":"warn","message":"GET /api/analytics/visits 404 0ms","ip":"::1","userAgent":"Mozilla/5.0 (Windows NT 10.0; Win64; x64) AppleWebKit/537.36 (KHTML, like Gecko)"}
{"ts":"2026-06-10T06:03:20.319Z","level":"info","message":"GET /stats 304 477ms","ip":"::1","userId":"0c544294-e96b-4556-a5b2-a9af18dfcdcc","userAgent":"Mozilla/5.0 (Windows NT 10.0; Win64; x64) AppleWebKit/537.36 (KHTML, like Gecko)"}
{"ts":"2026-06-10T06:03:20.548Z","level":"info","message":"GET /pending/all 304 698ms","ip":"::1","userId":"0c544294-e96b-4556-a5b2-a9af18dfcdcc","userAgent":"Mozilla/5.0 (Windows NT 10.0; Win64; x64) AppleWebKit/537.36 (KHTML, like Gecko)"}
{"ts":"2026-06-10T06:03:20.635Z","level":"info","message":"GET /stats 304 313ms","ip":"::1","userId":"0c544294-e96b-4556-a5b2-a9af18dfcdcc","userAgent":"Mozilla/5.0 (Windows NT 10.0; Win64; x64) AppleWebKit/537.36 (KHTML, like Gecko)"}
{"ts":"2026-06-10T06:03:20.691Z","level":"info","message":"GET /pending/all 304 141ms","ip":"::1","userId":"0c544294-e96b-4556-a5b2-a9af18dfcdcc","userAgent":"Mozilla/5.0 (Windows NT 10.0; Win64; x64) AppleWebKit/537.36 (KHTML, like Gecko)"}
{"ts":"2026-06-10T06:03:20.728Z","level":"info","message":"GET / 304 880ms","ip":"::1","userId":"0c544294-e96b-4556-a5b2-a9af18dfcdcc","userAgent":"Mozilla/5.0 (Windows NT 10.0; Win64; x64) AppleWebKit/537.36 (KHTML, like Gecko)"}
{"ts":"2026-06-10T06:03:20.852Z","level":"info","message":"GET / 304 120ms","ip":"::1","userId":"0c544294-e96b-4556-a5b2-a9af18dfcdcc","userAgent":"Mozilla/5.0 (Windows NT 10.0; Win64; x64) AppleWebKit/537.36 (KHTML, like Gecko)"}
{"ts":"2026-06-10T06:03:21.576Z","level":"warn","message":"GET /api/analytics/profit 404 0ms","ip":"::1","userAgent":"Mozilla/5.0 (Windows NT 10.0; Win64; x64) AppleWebKit/537.36 (KHTML, like Gecko)"}
{"ts":"2026-06-10T06:03:21.579Z","level":"warn","message":"GET /api/analytics/visits 404 0ms","ip":"::1","userAgent":"Mozilla/5.0 (Windows NT 10.0; Win64; x64) AppleWebKit/537.36 (KHTML, like Gecko)"}
{"ts":"2026-06-10T06:03:21.777Z","level":"info","message":"GET /pending/all 304 202ms","ip":"::1","userId":"0c544294-e96b-4556-a5b2-a9af18dfcdcc","userAgent":"Mozilla/5.0 (Windows NT 10.0; Win64; x64) AppleWebKit/537.36 (KHTML, like Gecko)"}
{"ts":"2026-06-10T06:03:21.934Z","level":"info","message":"GET / 304 359ms","ip":"::1","userId":"0c544294-e96b-4556-a5b2-a9af18dfcdcc","userAgent":"Mozilla/5.0 (Windows NT 10.0; Win64; x64) AppleWebKit/537.36 (KHTML, like Gecko)"}
{"ts":"2026-06-10T06:03:21.982Z","level":"warn","message":"GET /api/analytics/profit 404 0ms","ip":"::1","userAgent":"Mozilla/5.0 (Windows NT 10.0; Win64; x64) AppleWebKit/537.36 (KHTML, like Gecko)"}
{"ts":"2026-06-10T06:03:21.984Z","level":"warn","message":"GET /api/analytics/visits 404 0ms","ip":"::1","userAgent":"Mozilla/5.0 (Windows NT 10.0; Win64; x64) AppleWebKit/537.36 (KHTML, like Gecko)"}
{"ts":"2026-06-10T06:03:22.071Z","level":"info","message":"GET /stats 304 500ms","ip":"::1","userId":"0c544294-e96b-4556-a5b2-a9af18dfcdcc","userAgent":"Mozilla/5.0 (Windows NT 10.0; Win64; x64) AppleWebKit/537.36 (KHTML, like Gecko)"}
{"ts":"2026-06-10T06:03:22.085Z","level":"info","message":"GET / 304 106ms","ip":"::1","userId":"0c544294-e96b-4556-a5b2-a9af18dfcdcc","userAgent":"Mozilla/5.0 (Windows NT 10.0; Win64; x64) AppleWebKit/537.36 (KHTML, like Gecko)"}
{"ts":"2026-06-10T06:03:22.087Z","level":"info","message":"GET /pending/all 304 106ms","ip":"::1","userId":"0c544294-e96b-4556-a5b2-a9af18dfcdcc","userAgent":"Mozilla/5.0 (Windows NT 10.0; Win64; x64) AppleWebKit/537.36 (KHTML, like Gecko)"}
{"ts":"2026-06-10T06:03:22.170Z","level":"warn","message":"GET /api/analytics/profit 404 1ms","ip":"::1","userAgent":"Mozilla/5.0 (Windows NT 10.0; Win64; x64) AppleWebKit/537.36 (KHTML, like Gecko)"}
{"ts":"2026-06-10T06:03:22.172Z","level":"warn","message":"GET /api/analytics/visits 404 0ms","ip":"::1","userAgent":"Mozilla/5.0 (Windows NT 10.0; Win64; x64) AppleWebKit/537.36 (KHTML, like Gecko)"}
{"ts":"2026-06-10T06:03:22.267Z","level":"info","message":"GET / 304 103ms","ip":"::1","userId":"0c544294-e96b-4556-a5b2-a9af18dfcdcc","userAgent":"Mozilla/5.0 (Windows NT 10.0; Win64; x64) AppleWebKit/537.36 (KHTML, like Gecko)"}
{"ts":"2026-06-10T06:03:22.336Z","level":"warn","message":"GET /api/analytics/profit 404 1ms","ip":"::1","userAgent":"Mozilla/5.0 (Windows NT 10.0; Win64; x64) AppleWebKit/537.36 (KHTML, like Gecko)"}
{"ts":"2026-06-10T06:03:22.337Z","level":"warn","message":"GET /api/analytics/visits 404 0ms","ip":"::1","userAgent":"Mozilla/5.0 (Windows NT 10.0; Win64; x64) AppleWebKit/537.36 (KHTML, like Gecko)"}
{"ts":"2026-06-10T06:03:22.384Z","level":"info","message":"GET /pending/all 304 218ms","ip":"::1","userId":"0c544294-e96b-4556-a5b2-a9af18dfcdcc","userAgent":"Mozilla/5.0 (Windows NT 10.0; Win64; x64) AppleWebKit/537.36 (KHTML, like Gecko)"}
{"ts":"2026-06-10T06:03:22.428Z","level":"info","message":"GET /stats 304 353ms","ip":"::1","userId":"0c544294-e96b-4556-a5b2-a9af18dfcdcc","userAgent":"Mozilla/5.0 (Windows NT 10.0; Win64; x64) AppleWebKit/537.36 (KHTML, like Gecko)"}
{"ts":"2026-06-10T06:03:22.509Z","level":"warn","message":"GET /api/analytics/profit 404 0ms","ip":"::1","userAgent":"Mozilla/5.0 (Windows NT 10.0; Win64; x64) AppleWebKit/537.36 (KHTML, like Gecko)"}
{"ts":"2026-06-10T06:03:22.513Z","level":"warn","message":"GET /api/analytics/visits 404 1ms","ip":"::1","userAgent":"Mozilla/5.0 (Windows NT 10.0; Win64; x64) AppleWebKit/537.36 (KHTML, like Gecko)"}
{"ts":"2026-06-10T06:03:22.561Z","level":"info","message":"GET /pending/all 304 175ms","ip":"::1","userId":"0c544294-e96b-4556-a5b2-a9af18dfcdcc","userAgent":"Mozilla/5.0 (Windows NT 10.0; Win64; x64) AppleWebKit/537.36 (KHTML, like Gecko)"}
{"ts":"2026-06-10T06:03:22.656Z","level":"info","message":"GET /pending/all 304 86ms","ip":"::1","userId":"0c544294-e96b-4556-a5b2-a9af18dfcdcc","userAgent":"Mozilla/5.0 (Windows NT 10.0; Win64; x64) AppleWebKit/537.36 (KHTML, like Gecko)"}
{"ts":"2026-06-10T06:03:22.737Z","level":"info","message":"GET / 304 403ms","ip":"::1","userId":"0c544294-e96b-4556-a5b2-a9af18dfcdcc","userAgent":"Mozilla/5.0 (Windows NT 10.0; Win64; x64) AppleWebKit/537.36 (KHTML, like Gecko)"}
{"ts":"2026-06-10T06:03:22.753Z","level":"info","message":"GET /stats 304 323ms","ip":"::1","userId":"0c544294-e96b-4556-a5b2-a9af18dfcdcc","userAgent":"Mozilla/5.0 (Windows NT 10.0; Win64; x64) AppleWebKit/537.36 (KHTML, like Gecko)"}
{"ts":"2026-06-10T06:03:22.831Z","level":"info","message":"GET / 304 93ms","ip":"::1","userId":"0c544294-e96b-4556-a5b2-a9af18dfcdcc","userAgent":"Mozilla/5.0 (Windows NT 10.0; Win64; x64) AppleWebKit/537.36 (KHTML, like Gecko)"}
{"ts":"2026-06-10T06:03:23.078Z","level":"info","message":"GET /stats 304 323ms","ip":"::1","userId":"0c544294-e96b-4556-a5b2-a9af18dfcdcc","userAgent":"Mozilla/5.0 (Windows NT 10.0; Win64; x64) AppleWebKit/537.36 (KHTML, like Gecko)"}
{"ts":"2026-06-10T06:03:23.685Z","level":"info","message":"GET /stats 304 604ms","ip":"::1","userId":"0c544294-e96b-4556-a5b2-a9af18dfcdcc","userAgent":"Mozilla/5.0 (Windows NT 10.0; Win64; x64) AppleWebKit/537.36 (KHTML, like Gecko)"}
{"ts":"2026-06-10T06:04:02.892Z","level":"info","message":"GET / 304 2579ms","ip":"::1","userId":"0c544294-e96b-4556-a5b2-a9af18dfcdcc","userAgent":"Mozilla/5.0 (Windows NT 10.0; Win64; x64) AppleWebKit/537.36 (KHTML, like Gecko)"}
{"ts":"2026-06-10T06:04:02.894Z","level":"info","message":"GET /visits 200 2582ms","ip":"::1","userId":"0c544294-e96b-4556-a5b2-a9af18dfcdcc","userAgent":"Mozilla/5.0 (Windows NT 10.0; Win64; x64) AppleWebKit/537.36 (KHTML, like Gecko)"}
{"ts":"2026-06-10T06:04:02.966Z","level":"info","message":"GET /pending/all 304 2653ms","ip":"::1","userId":"0c544294-e96b-4556-a5b2-a9af18dfcdcc","userAgent":"Mozilla/5.0 (Windows NT 10.0; Win64; x64) AppleWebKit/537.36 (KHTML, like Gecko)"}
{"ts":"2026-06-10T06:04:02.974Z","level":"info","message":"GET /profit 200 2666ms","ip":"::1","userId":"0c544294-e96b-4556-a5b2-a9af18dfcdcc","userAgent":"Mozilla/5.0 (Windows NT 10.0; Win64; x64) AppleWebKit/537.36 (KHTML, like Gecko)"}
{"ts":"2026-06-10T06:04:03.038Z","level":"info","message":"GET /stats 304 2740ms","ip":"::1","userId":"0c544294-e96b-4556-a5b2-a9af18dfcdcc","userAgent":"Mozilla/5.0 (Windows NT 10.0; Win64; x64) AppleWebKit/537.36 (KHTML, like Gecko)"}
{"ts":"2026-06-10T06:04:53.961Z","level":"info","message":"GET / 304 570ms","ip":"::1","userId":"0c544294-e96b-4556-a5b2-a9af18dfcdcc","userAgent":"Mozilla/5.0 (Windows NT 10.0; Win64; x64) AppleWebKit/537.36 (KHTML, like Gecko)"}
{"ts":"2026-06-10T06:04:54.008Z","level":"info","message":"GET / 304 615ms","ip":"::1","userId":"0c544294-e96b-4556-a5b2-a9af18dfcdcc","userAgent":"Mozilla/5.0 (Windows NT 10.0; Win64; x64) AppleWebKit/537.36 (KHTML, like Gecko)"}
{"ts":"2026-06-10T06:04:54.194Z","level":"info","message":"GET / 304 230ms","ip":"::1","userId":"0c544294-e96b-4556-a5b2-a9af18dfcdcc","userAgent":"Mozilla/5.0 (Windows NT 10.0; Win64; x64) AppleWebKit/537.36 (KHTML, like Gecko)"}
{"ts":"2026-06-10T06:04:54.290Z","level":"info","message":"GET / 304 280ms","ip":"::1","userId":"0c544294-e96b-4556-a5b2-a9af18dfcdcc","userAgent":"Mozilla/5.0 (Windows NT 10.0; Win64; x64) AppleWebKit/537.36 (KHTML, like Gecko)"}
{"ts":"2026-06-10T06:04:55.041Z","level":"info","message":"GET / 304 177ms","ip":"::1","userId":"0c544294-e96b-4556-a5b2-a9af18dfcdcc","userAgent":"Mozilla/5.0 (Windows NT 10.0; Win64; x64) AppleWebKit/537.36 (KHTML, like Gecko)"}
{"ts":"2026-06-10T06:04:55.203Z","level":"info","message":"GET / 304 160ms","ip":"::1","userId":"0c544294-e96b-4556-a5b2-a9af18dfcdcc","userAgent":"Mozilla/5.0 (Windows NT 10.0; Win64; x64) AppleWebKit/537.36 (KHTML, like Gecko)"}
{"ts":"2026-06-10T06:04:55.211Z","level":"info","message":"GET /pending/all 304 342ms","ip":"::1","userId":"0c544294-e96b-4556-a5b2-a9af18dfcdcc","userAgent":"Mozilla/5.0 (Windows NT 10.0; Win64; x64) AppleWebKit/537.36 (KHTML, like Gecko)"}
{"ts":"2026-06-10T06:04:55.443Z","level":"info","message":"GET /pending/all 304 231ms","ip":"::1","userId":"0c544294-e96b-4556-a5b2-a9af18dfcdcc","userAgent":"Mozilla/5.0 (Windows NT 10.0; Win64; x64) AppleWebKit/537.36 (KHTML, like Gecko)"}
{"ts":"2026-06-10T06:04:55.838Z","level":"info","message":"GET / 304 168ms","ip":"::1","userId":"0c544294-e96b-4556-a5b2-a9af18dfcdcc","userAgent":"Mozilla/5.0 (Windows NT 10.0; Win64; x64) AppleWebKit/537.36 (KHTML, like Gecko)"}
{"ts":"2026-06-10T06:04:56.014Z","level":"info","message":"GET / 304 173ms","ip":"::1","userId":"0c544294-e96b-4556-a5b2-a9af18dfcdcc","userAgent":"Mozilla/5.0 (Windows NT 10.0; Win64; x64) AppleWebKit/537.36 (KHTML, like Gecko)"}
{"ts":"2026-06-10T06:04:56.736Z","level":"info","message":"GET /pending/all 304 178ms","ip":"::1","userId":"0c544294-e96b-4556-a5b2-a9af18dfcdcc","userAgent":"Mozilla/5.0 (Windows NT 10.0; Win64; x64) AppleWebKit/537.36 (KHTML, like Gecko)"}
{"ts":"2026-06-10T06:04:56.914Z","level":"info","message":"GET /pending/all 304 175ms","ip":"::1","userId":"0c544294-e96b-4556-a5b2-a9af18dfcdcc","userAgent":"Mozilla/5.0 (Windows NT 10.0; Win64; x64) AppleWebKit/537.36 (KHTML, like Gecko)"}
{"ts":"2026-06-10T06:04:58.044Z","level":"warn","message":"GET /api/reports/top_products 404 1ms","ip":"::1","userAgent":"Mozilla/5.0 (Windows NT 10.0; Win64; x64) AppleWebKit/537.36 (KHTML, like Gecko)"}
{"ts":"2026-06-10T06:04:58.047Z","level":"warn","message":"GET /api/reports/summary 404 1ms","ip":"::1","userAgent":"Mozilla/5.0 (Windows NT 10.0; Win64; x64) AppleWebKit/537.36 (KHTML, like Gecko)"}
{"ts":"2026-06-10T06:04:58.048Z","level":"warn","message":"GET /api/reports/top_products 404 0ms","ip":"::1","userAgent":"Mozilla/5.0 (Windows NT 10.0; Win64; x64) AppleWebKit/537.36 (KHTML, like Gecko)"}
{"ts":"2026-06-10T06:04:58.050Z","level":"warn","message":"GET /api/reports/summary 404 1ms","ip":"::1","userAgent":"Mozilla/5.0 (Windows NT 10.0; Win64; x64) AppleWebKit/537.36 (KHTML, like Gecko)"}
{"ts":"2026-06-10T06:04:58.487Z","level":"info","message":"GET /profit 200 452ms","ip":"::1","userId":"0c544294-e96b-4556-a5b2-a9af18dfcdcc","userAgent":"Mozilla/5.0 (Windows NT 10.0; Win64; x64) AppleWebKit/537.36 (KHTML, like Gecko)"}
{"ts":"2026-06-10T06:04:58.527Z","level":"info","message":"GET /profit 304 489ms","ip":"::1","userId":"0c544294-e96b-4556-a5b2-a9af18dfcdcc","userAgent":"Mozilla/5.0 (Windows NT 10.0; Win64; x64) AppleWebKit/537.36 (KHTML, like Gecko)"}
{"ts":"2026-06-10T06:04:58.711Z","level":"info","message":"GET /profit 304 222ms","ip":"::1","userId":"0c544294-e96b-4556-a5b2-a9af18dfcdcc","userAgent":"Mozilla/5.0 (Windows NT 10.0; Win64; x64) AppleWebKit/537.36 (KHTML, like Gecko)"}
{"ts":"2026-06-10T06:04:58.741Z","level":"info","message":"GET /profit 304 212ms","ip":"::1","userId":"0c544294-e96b-4556-a5b2-a9af18dfcdcc","userAgent":"Mozilla/5.0 (Windows NT 10.0; Win64; x64) AppleWebKit/537.36 (KHTML, like Gecko)"}
{"ts":"2026-06-10T06:04:58.786Z","level":"warn","message":"GET /api/reports/reminder_logs 404 0ms","ip":"::1","userAgent":"Mozilla/5.0 (Windows NT 10.0; Win64; x64) AppleWebKit/537.36 (KHTML, like Gecko)"}
{"ts":"2026-06-10T06:04:58.788Z","level":"warn","message":"GET /api/reports/reminder_logs 404 0ms","ip":"::1","userAgent":"Mozilla/5.0 (Windows NT 10.0; Win64; x64) AppleWebKit/537.36 (KHTML, like Gecko)"}
{"ts":"2026-06-10T06:04:58.919Z","level":"info","message":"GET /pending/all 304 135ms","ip":"::1","userId":"0c544294-e96b-4556-a5b2-a9af18dfcdcc","userAgent":"Mozilla/5.0 (Windows NT 10.0; Win64; x64) AppleWebKit/537.36 (KHTML, like Gecko)"}
{"ts":"2026-06-10T06:04:59.013Z","level":"info","message":"GET /pending/all 304 92ms","ip":"::1","userId":"0c544294-e96b-4556-a5b2-a9af18dfcdcc","userAgent":"Mozilla/5.0 (Windows NT 10.0; Win64; x64) AppleWebKit/537.36 (KHTML, like Gecko)"}
{"ts":"2026-06-10T06:05:07.392Z","level":"info","message":"Manual backup triggered","userId":"0c544294-e96b-4556-a5b2-a9af18dfcdcc"}
{"ts":"2026-06-10T06:05:07.395Z","level":"info","message":"Starting backup: backups\\pos_backup_2026-06-10_11-35"}
{"ts":"2026-06-10T06:05:07.840Z","level":"info","message":"  Backed up customers: 4 rows"}
{"ts":"2026-06-10T06:05:07.939Z","level":"info","message":"  Backed up products: 6 rows"}
{"ts":"2026-06-10T06:05:08.055Z","level":"info","message":"  Backed up bills: 19 rows"}
{"ts":"2026-06-10T06:05:08.155Z","level":"info","message":"  Backed up bill_items: 44 rows"}
{"ts":"2026-06-10T06:05:08.270Z","level":"info","message":"  Backed up pending_payments: 6 rows"}
{"ts":"2026-06-10T06:05:08.408Z","level":"warn","message":"Skipping table payment_history: column payment_history.created_at does not exist"}
{"ts":"2026-06-10T06:05:08.521Z","level":"warn","message":"Skipping table reminders_log: column reminders_log.created_at does not exist"}
{"ts":"2026-06-10T06:05:08.617Z","level":"info","message":"  Backed up customer_visits: 5 rows"}
{"ts":"2026-06-10T06:05:08.742Z","level":"info","message":"  Backed up audit_log: 61 rows"}
{"ts":"2026-06-10T06:05:08.752Z","level":"info","message":"Backup complete: 145 total rows"}
{"ts":"2026-06-10T06:05:08.755Z","level":"info","message":"POST /run 200 1363ms","ip":"::1","userId":"0c544294-e96b-4556-a5b2-a9af18dfcdcc","userAgent":"Mozilla/5.0 (Windows NT 10.0; Win64; x64) AppleWebKit/537.36 (KHTML, like Gecko)"}
{"ts":"2026-06-10T06:05:13.163Z","level":"info","message":"GET /export/csv 200 462ms","ip":"::1","userId":"0c544294-e96b-4556-a5b2-a9af18dfcdcc","userAgent":"Mozilla/5.0 (Windows NT 10.0; Win64; x64) AppleWebKit/537.36 (KHTML, like Gecko)"}
{"ts":"2026-06-10T06:07:51.078Z","level":"info","message":"GET /visits 304 2448ms","ip":"::1","userId":"0c544294-e96b-4556-a5b2-a9af18dfcdcc","userAgent":"Mozilla/5.0 (Windows NT 10.0; Win64; x64) AppleWebKit/537.36 (KHTML, like Gecko)"}
{"ts":"2026-06-10T06:07:51.080Z","level":"info","message":"GET /stats 304 2463ms","ip":"::1","userId":"0c544294-e96b-4556-a5b2-a9af18dfcdcc","userAgent":"Mozilla/5.0 (Windows NT 10.0; Win64; x64) AppleWebKit/537.36 (KHTML, like Gecko)"}
{"ts":"2026-06-10T06:07:51.083Z","level":"info","message":"GET /profit 304 2456ms","ip":"::1","userId":"0c544294-e96b-4556-a5b2-a9af18dfcdcc","userAgent":"Mozilla/5.0 (Windows NT 10.0; Win64; x64) AppleWebKit/537.36 (KHTML, like Gecko)"}
{"ts":"2026-06-10T06:07:51.109Z","level":"info","message":"GET /pending/all 304 2484ms","ip":"::1","userId":"0c544294-e96b-4556-a5b2-a9af18dfcdcc","userAgent":"Mozilla/5.0 (Windows NT 10.0; Win64; x64) AppleWebKit/537.36 (KHTML, like Gecko)"}
{"ts":"2026-06-10T06:07:51.145Z","level":"info","message":"GET / 304 2522ms","ip":"::1","userId":"0c544294-e96b-4556-a5b2-a9af18dfcdcc","userAgent":"Mozilla/5.0 (Windows NT 10.0; Win64; x64) AppleWebKit/537.36 (KHTML, like Gecko)"}
{"ts":"2026-06-10T06:07:51.677Z","level":"info","message":"GET /visits 304 596ms","ip":"::1","userId":"0c544294-e96b-4556-a5b2-a9af18dfcdcc","userAgent":"Mozilla/5.0 (Windows NT 10.0; Win64; x64) AppleWebKit/537.36 (KHTML, like Gecko)"}
{"ts":"2026-06-10T06:07:51.730Z","level":"info","message":"GET / 304 583ms","ip":"::1","userId":"0c544294-e96b-4556-a5b2-a9af18dfcdcc","userAgent":"Mozilla/5.0 (Windows NT 10.0; Win64; x64) AppleWebKit/537.36 (KHTML, like Gecko)"}
{"ts":"2026-06-10T06:07:51.735Z","level":"info","message":"GET /profit 304 647ms","ip":"::1","userId":"0c544294-e96b-4556-a5b2-a9af18dfcdcc","userAgent":"Mozilla/5.0 (Windows NT 10.0; Win64; x64) AppleWebKit/537.36 (KHTML, like Gecko)"}
{"ts":"2026-06-10T06:07:51.745Z","level":"info","message":"GET /pending/all 304 633ms","ip":"::1","userId":"0c544294-e96b-4556-a5b2-a9af18dfcdcc","userAgent":"Mozilla/5.0 (Windows NT 10.0; Win64; x64) AppleWebKit/537.36 (KHTML, like Gecko)"}
{"ts":"2026-06-10T06:07:51.830Z","level":"info","message":"GET /stats 304 746ms","ip":"::1","userId":"0c544294-e96b-4556-a5b2-a9af18dfcdcc","userAgent":"Mozilla/5.0 (Windows NT 10.0; Win64; x64) AppleWebKit/537.36 (KHTML, like Gecko)"}
{"ts":"2026-06-10T06:07:51.976Z","level":"info","message":"GET / 304 169ms","ip":"::1","userId":"0c544294-e96b-4556-a5b2-a9af18dfcdcc","userAgent":"Mozilla/5.0 (Windows NT 10.0; Win64; x64) AppleWebKit/537.36 (KHTML, like Gecko)"}
{"ts":"2026-06-10T06:07:52.059Z","level":"info","message":"GET / 304 250ms","ip":"::1","userId":"0c544294-e96b-4556-a5b2-a9af18dfcdcc","userAgent":"Mozilla/5.0 (Windows NT 10.0; Win64; x64) AppleWebKit/537.36 (KHTML, like Gecko)"}
{"ts":"2026-06-10T06:07:52.091Z","level":"info","message":"GET / 304 113ms","ip":"::1","userId":"0c544294-e96b-4556-a5b2-a9af18dfcdcc","userAgent":"Mozilla/5.0 (Windows NT 10.0; Win64; x64) AppleWebKit/537.36 (KHTML, like Gecko)"}
{"ts":"2026-06-10T06:07:52.385Z","level":"info","message":"GET / 304 325ms","ip":"::1","userId":"0c544294-e96b-4556-a5b2-a9af18dfcdcc","userAgent":"Mozilla/5.0 (Windows NT 10.0; Win64; x64) AppleWebKit/537.36 (KHTML, like Gecko)"}
{"ts":"2026-06-10T06:07:56.330Z","level":"info","message":"GET /export/csv 200 498ms","ip":"::1","userId":"0c544294-e96b-4556-a5b2-a9af18dfcdcc","userAgent":"Mozilla/5.0 (Windows NT 10.0; Win64; x64) AppleWebKit/537.36 (KHTML, like Gecko)"}
{"ts":"2026-06-10T06:08:19.026Z","level":"warn","message":"GET /api/reports/reminder_logs 404 1ms","ip":"::1","userAgent":"Mozilla/5.0 (Windows NT 10.0; Win64; x64) AppleWebKit/537.36 (KHTML, like Gecko)"}
{"ts":"2026-06-10T06:08:19.028Z","level":"warn","message":"GET /api/reports/reminder_logs 404 1ms","ip":"::1","userAgent":"Mozilla/5.0 (Windows NT 10.0; Win64; x64) AppleWebKit/537.36 (KHTML, like Gecko)"}
{"ts":"2026-06-10T06:08:19.386Z","level":"info","message":"GET /pending/all 304 364ms","ip":"::1","userId":"0c544294-e96b-4556-a5b2-a9af18dfcdcc","userAgent":"Mozilla/5.0 (Windows NT 10.0; Win64; x64) AppleWebKit/537.36 (KHTML, like Gecko)"}
{"ts":"2026-06-10T06:08:19.642Z","level":"info","message":"GET /pending/all 304 255ms","ip":"::1","userId":"0c544294-e96b-4556-a5b2-a9af18dfcdcc","userAgent":"Mozilla/5.0 (Windows NT 10.0; Win64; x64) AppleWebKit/537.36 (KHTML, like Gecko)"}
{"ts":"2026-06-10T06:08:22.871Z","level":"warn","message":"GET /api/reports/top_products 404 0ms","ip":"::1","userAgent":"Mozilla/5.0 (Windows NT 10.0; Win64; x64) AppleWebKit/537.36 (KHTML, like Gecko)"}
{"ts":"2026-06-10T06:08:22.873Z","level":"warn","message":"GET /api/reports/summary 404 1ms","ip":"::1","userAgent":"Mozilla/5.0 (Windows NT 10.0; Win64; x64) AppleWebKit/537.36 (KHTML, like Gecko)"}
{"ts":"2026-06-10T06:08:22.874Z","level":"warn","message":"GET /api/reports/summary 404 0ms","ip":"::1","userAgent":"Mozilla/5.0 (Windows NT 10.0; Win64; x64) AppleWebKit/537.36 (KHTML, like Gecko)"}
{"ts":"2026-06-10T06:08:22.877Z","level":"warn","message":"GET /api/reports/top_products 404 0ms","ip":"::1","userAgent":"Mozilla/5.0 (Windows NT 10.0; Win64; x64) AppleWebKit/537.36 (KHTML, like Gecko)"}
{"ts":"2026-06-10T06:08:23.235Z","level":"info","message":"GET /profit 304 374ms","ip":"::1","userId":"0c544294-e96b-4556-a5b2-a9af18dfcdcc","userAgent":"Mozilla/5.0 (Windows NT 10.0; Win64; x64) AppleWebKit/537.36 (KHTML, like Gecko)"}
{"ts":"2026-06-10T06:08:23.499Z","level":"warn","message":"GET /api/reports/reminder_logs 404 0ms","ip":"::1","userAgent":"Mozilla/5.0 (Windows NT 10.0; Win64; x64) AppleWebKit/537.36 (KHTML, like Gecko)"}
{"ts":"2026-06-10T06:08:23.502Z","level":"warn","message":"GET /api/reports/reminder_logs 404 1ms","ip":"::1","userAgent":"Mozilla/5.0 (Windows NT 10.0; Win64; x64) AppleWebKit/537.36 (KHTML, like Gecko)"}
{"ts":"2026-06-10T06:08:23.662Z","level":"info","message":"GET /profit 304 796ms","ip":"::1","userId":"0c544294-e96b-4556-a5b2-a9af18dfcdcc","userAgent":"Mozilla/5.0 (Windows NT 10.0; Win64; x64) AppleWebKit/537.36 (KHTML, like Gecko)"}
{"ts":"2026-06-10T06:08:23.753Z","level":"info","message":"GET /profit 304 517ms","ip":"::1","userId":"0c544294-e96b-4556-a5b2-a9af18dfcdcc","userAgent":"Mozilla/5.0 (Windows NT 10.0; Win64; x64) AppleWebKit/537.36 (KHTML, like Gecko)"}
{"ts":"2026-06-10T06:08:23.761Z","level":"info","message":"GET /pending/all 304 263ms","ip":"::1","userId":"0c544294-e96b-4556-a5b2-a9af18dfcdcc","userAgent":"Mozilla/5.0 (Windows NT 10.0; Win64; x64) AppleWebKit/537.36 (KHTML, like Gecko)"}
{"ts":"2026-06-10T06:08:24.084Z","level":"info","message":"GET /profit 304 419ms","ip":"::1","userId":"0c544294-e96b-4556-a5b2-a9af18dfcdcc","userAgent":"Mozilla/5.0 (Windows NT 10.0; Win64; x64) AppleWebKit/537.36 (KHTML, like Gecko)"}
{"ts":"2026-06-10T06:08:24.097Z","level":"info","message":"GET /pending/all 304 331ms","ip":"::1","userId":"0c544294-e96b-4556-a5b2-a9af18dfcdcc","userAgent":"Mozilla/5.0 (Windows NT 10.0; Win64; x64) AppleWebKit/537.36 (KHTML, like Gecko)"}
{"ts":"2026-06-10T06:08:25.977Z","level":"info","message":"GET /pending/all 304 195ms","ip":"::1","userId":"0c544294-e96b-4556-a5b2-a9af18dfcdcc","userAgent":"Mozilla/5.0 (Windows NT 10.0; Win64; x64) AppleWebKit/537.36 (KHTML, like Gecko)"}
{"ts":"2026-06-10T06:08:26.199Z","level":"info","message":"GET /pending/all 304 219ms","ip":"::1","userId":"0c544294-e96b-4556-a5b2-a9af18dfcdcc","userAgent":"Mozilla/5.0 (Windows NT 10.0; Win64; x64) AppleWebKit/537.36 (KHTML, like Gecko)"}
{"ts":"2026-06-10T06:08:27.336Z","level":"info","message":"GET / 304 200ms","ip":"::1","userId":"0c544294-e96b-4556-a5b2-a9af18dfcdcc","userAgent":"Mozilla/5.0 (Windows NT 10.0; Win64; x64) AppleWebKit/537.36 (KHTML, like Gecko)"}
{"ts":"2026-06-10T06:08:27.341Z","level":"info","message":"GET /pending/all 304 206ms","ip":"::1","userId":"0c544294-e96b-4556-a5b2-a9af18dfcdcc","userAgent":"Mozilla/5.0 (Windows NT 10.0; Win64; x64) AppleWebKit/537.36 (KHTML, like Gecko)"}
{"ts":"2026-06-10T06:08:27.525Z","level":"info","message":"GET / 304 187ms","ip":"::1","userId":"0c544294-e96b-4556-a5b2-a9af18dfcdcc","userAgent":"Mozilla/5.0 (Windows NT 10.0; Win64; x64) AppleWebKit/537.36 (KHTML, like Gecko)"}
{"ts":"2026-06-10T06:08:27.528Z","level":"info","message":"GET /pending/all 304 185ms","ip":"::1","userId":"0c544294-e96b-4556-a5b2-a9af18dfcdcc","userAgent":"Mozilla/5.0 (Windows NT 10.0; Win64; x64) AppleWebKit/537.36 (KHTML, like Gecko)"}
{"ts":"2026-06-10T06:08:30.913Z","level":"info","message":"GET /pending/all 304 183ms","ip":"::1","userId":"0c544294-e96b-4556-a5b2-a9af18dfcdcc","userAgent":"Mozilla/5.0 (Windows NT 10.0; Win64; x64) AppleWebKit/537.36 (KHTML, like Gecko)"}
{"ts":"2026-06-10T06:08:30.928Z","level":"info","message":"GET / 304 189ms","ip":"::1","userId":"0c544294-e96b-4556-a5b2-a9af18dfcdcc","userAgent":"Mozilla/5.0 (Windows NT 10.0; Win64; x64) AppleWebKit/537.36 (KHTML, like Gecko)"}
{"ts":"2026-06-10T06:08:31.000Z","level":"info","message":"GET /stats 304 269ms","ip":"::1","userId":"0c544294-e96b-4556-a5b2-a9af18dfcdcc","userAgent":"Mozilla/5.0 (Windows NT 10.0; Win64; x64) AppleWebKit/537.36 (KHTML, like Gecko)"}
{"ts":"2026-06-10T06:08:31.098Z","level":"info","message":"GET /pending/all 304 181ms","ip":"::1","userId":"0c544294-e96b-4556-a5b2-a9af18dfcdcc","userAgent":"Mozilla/5.0 (Windows NT 10.0; Win64; x64) AppleWebKit/537.36 (KHTML, like Gecko)"}
{"ts":"2026-06-10T06:08:31.114Z","level":"info","message":"GET / 304 184ms","ip":"::1","userId":"0c544294-e96b-4556-a5b2-a9af18dfcdcc","userAgent":"Mozilla/5.0 (Windows NT 10.0; Win64; x64) AppleWebKit/537.36 (KHTML, like Gecko)"}
{"ts":"2026-06-10T06:08:31.140Z","level":"info","message":"GET /visits 304 395ms","ip":"::1","userId":"0c544294-e96b-4556-a5b2-a9af18dfcdcc","userAgent":"Mozilla/5.0 (Windows NT 10.0; Win64; x64) AppleWebKit/537.36 (KHTML, like Gecko)"}
{"ts":"2026-06-10T06:08:31.144Z","level":"info","message":"GET /profit 304 403ms","ip":"::1","userId":"0c544294-e96b-4556-a5b2-a9af18dfcdcc","userAgent":"Mozilla/5.0 (Windows NT 10.0; Win64; x64) AppleWebKit/537.36 (KHTML, like Gecko)"}
{"ts":"2026-06-10T06:08:31.237Z","level":"info","message":"GET /stats 304 236ms","ip":"::1","userId":"0c544294-e96b-4556-a5b2-a9af18dfcdcc","userAgent":"Mozilla/5.0 (Windows NT 10.0; Win64; x64) AppleWebKit/537.36 (KHTML, like Gecko)"}
{"ts":"2026-06-10T06:08:31.326Z","level":"info","message":"GET /visits 304 180ms","ip":"::1","userId":"0c544294-e96b-4556-a5b2-a9af18dfcdcc","userAgent":"Mozilla/5.0 (Windows NT 10.0; Win64; x64) AppleWebKit/537.36 (KHTML, like Gecko)"}
{"ts":"2026-06-10T06:08:31.331Z","level":"info","message":"GET /profit 304 183ms","ip":"::1","userId":"0c544294-e96b-4556-a5b2-a9af18dfcdcc","userAgent":"Mozilla/5.0 (Windows NT 10.0; Win64; x64) AppleWebKit/537.36 (KHTML, like Gecko)"}
{"ts":"2026-06-10T06:08:39.161Z","level":"info","message":"GET / 304 181ms","ip":"::1","userId":"0c544294-e96b-4556-a5b2-a9af18dfcdcc","userAgent":"Mozilla/5.0 (Windows NT 10.0; Win64; x64) AppleWebKit/537.36 (KHTML, like Gecko)"}
{"ts":"2026-06-10T06:08:39.233Z","level":"info","message":"GET /visits 304 246ms","ip":"::1","userId":"0c544294-e96b-4556-a5b2-a9af18dfcdcc","userAgent":"Mozilla/5.0 (Windows NT 10.0; Win64; x64) AppleWebKit/537.36 (KHTML, like Gecko)"}
{"ts":"2026-06-10T06:08:39.259Z","level":"info","message":"GET /stats 304 286ms","ip":"::1","userId":"0c544294-e96b-4556-a5b2-a9af18dfcdcc","userAgent":"Mozilla/5.0 (Windows NT 10.0; Win64; x64) AppleWebKit/537.36 (KHTML, like Gecko)"}
{"ts":"2026-06-10T06:08:39.274Z","level":"info","message":"GET / 304 112ms","ip":"::1","userId":"0c544294-e96b-4556-a5b2-a9af18dfcdcc","userAgent":"Mozilla/5.0 (Windows NT 10.0; Win64; x64) AppleWebKit/537.36 (KHTML, like Gecko)"}
{"ts":"2026-06-10T06:08:39.407Z","level":"info","message":"GET /visits 304 172ms","ip":"::1","userId":"0c544294-e96b-4556-a5b2-a9af18dfcdcc","userAgent":"Mozilla/5.0 (Windows NT 10.0; Win64; x64) AppleWebKit/537.36 (KHTML, like Gecko)"}
{"ts":"2026-06-10T06:08:39.515Z","level":"info","message":"GET /profit 304 531ms","ip":"::1","userId":"0c544294-e96b-4556-a5b2-a9af18dfcdcc","userAgent":"Mozilla/5.0 (Windows NT 10.0; Win64; x64) AppleWebKit/537.36 (KHTML, like Gecko)"}
{"ts":"2026-06-10T06:08:39.518Z","level":"info","message":"GET /stats 304 257ms","ip":"::1","userId":"0c544294-e96b-4556-a5b2-a9af18dfcdcc","userAgent":"Mozilla/5.0 (Windows NT 10.0; Win64; x64) AppleWebKit/537.36 (KHTML, like Gecko)"}
{"ts":"2026-06-10T06:08:39.526Z","level":"info","message":"GET /pending/all 304 544ms","ip":"::1","userId":"0c544294-e96b-4556-a5b2-a9af18dfcdcc","userAgent":"Mozilla/5.0 (Windows NT 10.0; Win64; x64) AppleWebKit/537.36 (KHTML, like Gecko)"}
{"ts":"2026-06-10T06:08:39.697Z","level":"info","message":"GET /profit 304 175ms","ip":"::1","userId":"0c544294-e96b-4556-a5b2-a9af18dfcdcc","userAgent":"Mozilla/5.0 (Windows NT 10.0; Win64; x64) AppleWebKit/537.36 (KHTML, like Gecko)"}
{"ts":"2026-06-10T06:08:39.723Z","level":"info","message":"GET /pending/all 304 195ms","ip":"::1","userId":"0c544294-e96b-4556-a5b2-a9af18dfcdcc","userAgent":"Mozilla/5.0 (Windows NT 10.0; Win64; x64) AppleWebKit/537.36 (KHTML, like Gecko)"}
{"ts":"2026-06-10T06:08:44.103Z","level":"info","message":"GET /export/csv 200 882ms","ip":"::1","userId":"0c544294-e96b-4556-a5b2-a9af18dfcdcc","userAgent":"Mozilla/5.0 (Windows NT 10.0; Win64; x64) AppleWebKit/537.36 (KHTML, like Gecko)"}
{"ts":"2026-06-10T06:08:58.774Z","level":"info","message":"Manual backup triggered","userId":"0c544294-e96b-4556-a5b2-a9af18dfcdcc"}
{"ts":"2026-06-10T06:08:58.776Z","level":"info","message":"Starting backup: backups\\pos_backup_2026-06-10_11-38"}
{"ts":"2026-06-10T06:08:59.717Z","level":"info","message":"  Backed up customers: 4 rows"}
{"ts":"2026-06-10T06:08:59.881Z","level":"info","message":"  Backed up products: 6 rows"}
{"ts":"2026-06-10T06:09:00.018Z","level":"info","message":"  Backed up bills: 19 rows"}
{"ts":"2026-06-10T06:09:00.209Z","level":"info","message":"  Backed up bill_items: 44 rows"}
{"ts":"2026-06-10T06:09:00.379Z","level":"info","message":"  Backed up pending_payments: 6 rows"}
{"ts":"2026-06-10T06:09:00.592Z","level":"warn","message":"Skipping table payment_history: column payment_history.created_at does not exist"}
{"ts":"2026-06-10T06:09:00.759Z","level":"warn","message":"Skipping table reminders_log: column reminders_log.created_at does not exist"}
{"ts":"2026-06-10T06:09:00.908Z","level":"info","message":"  Backed up customer_visits: 5 rows"}
{"ts":"2026-06-10T06:09:01.068Z","level":"info","message":"  Backed up audit_log: 61 rows"}
{"ts":"2026-06-10T06:09:01.075Z","level":"info","message":"Backup complete: 145 total rows"}
{"ts":"2026-06-10T06:09:01.076Z","level":"info","message":"POST /run 200 2302ms","ip":"::1","userId":"0c544294-e96b-4556-a5b2-a9af18dfcdcc","userAgent":"Mozilla/5.0 (Windows NT 10.0; Win64; x64) AppleWebKit/537.36 (KHTML, like Gecko)"}
{"ts":"2026-06-10T06:09:10.968Z","level":"info","message":"GET / 304 224ms","ip":"::1","userId":"0c544294-e96b-4556-a5b2-a9af18dfcdcc","userAgent":"Mozilla/5.0 (Windows NT 10.0; Win64; x64) AppleWebKit/537.36 (KHTML, like Gecko)"}
{"ts":"2026-06-10T06:09:11.074Z","level":"info","message":"GET /pending/all 304 328ms","ip":"::1","userId":"0c544294-e96b-4556-a5b2-a9af18dfcdcc","userAgent":"Mozilla/5.0 (Windows NT 10.0; Win64; x64) AppleWebKit/537.36 (KHTML, like Gecko)"}
{"ts":"2026-06-10T06:09:11.102Z","level":"info","message":"GET / 304 133ms","ip":"::1","userId":"0c544294-e96b-4556-a5b2-a9af18dfcdcc","userAgent":"Mozilla/5.0 (Windows NT 10.0; Win64; x64) AppleWebKit/537.36 (KHTML, like Gecko)"}
{"ts":"2026-06-10T06:09:11.308Z","level":"info","message":"GET /pending/all 304 233ms","ip":"::1","userId":"0c544294-e96b-4556-a5b2-a9af18dfcdcc","userAgent":"Mozilla/5.0 (Windows NT 10.0; Win64; x64) AppleWebKit/537.36 (KHTML, like Gecko)"}
{"ts":"2026-06-10T06:09:12.049Z","level":"info","message":"GET / 304 127ms","ip":"::1","userId":"0c544294-e96b-4556-a5b2-a9af18dfcdcc","userAgent":"Mozilla/5.0 (Windows NT 10.0; Win64; x64) AppleWebKit/537.36 (KHTML, like Gecko)"}
{"ts":"2026-06-10T06:09:12.169Z","level":"info","message":"GET / 304 118ms","ip":"::1","userId":"0c544294-e96b-4556-a5b2-a9af18dfcdcc","userAgent":"Mozilla/5.0 (Windows NT 10.0; Win64; x64) AppleWebKit/537.36 (KHTML, like Gecko)"}
{"ts":"2026-06-10T06:23:00.860Z","level":"info","message":"GET / 304 1007ms","ip":"::1","userId":"0c544294-e96b-4556-a5b2-a9af18dfcdcc","userAgent":"Mozilla/5.0 (Windows NT 10.0; Win64; x64) AppleWebKit/537.36 (KHTML, like Gecko)"}
{"ts":"2026-06-10T06:23:00.864Z","level":"info","message":"GET /pending/all 304 1009ms","ip":"::1","userId":"0c544294-e96b-4556-a5b2-a9af18dfcdcc","userAgent":"Mozilla/5.0 (Windows NT 10.0; Win64; x64) AppleWebKit/537.36 (KHTML, like Gecko)"}
{"ts":"2026-06-10T06:23:01.111Z","level":"info","message":"GET / 304 241ms","ip":"::1","userId":"0c544294-e96b-4556-a5b2-a9af18dfcdcc","userAgent":"Mozilla/5.0 (Windows NT 10.0; Win64; x64) AppleWebKit/537.36 (KHTML, like Gecko)"}
{"ts":"2026-06-10T06:23:01.135Z","level":"info","message":"GET /pending/all 304 262ms","ip":"::1","userId":"0c544294-e96b-4556-a5b2-a9af18dfcdcc","userAgent":"Mozilla/5.0 (Windows NT 10.0; Win64; x64) AppleWebKit/537.36 (KHTML, like Gecko)"}
{"ts":"2026-06-10T06:23:01.807Z","level":"info","message":"GET / 304 260ms","ip":"::1","userId":"0c544294-e96b-4556-a5b2-a9af18dfcdcc","userAgent":"Mozilla/5.0 (Windows NT 10.0; Win64; x64) AppleWebKit/537.36 (KHTML, like Gecko)"}
{"ts":"2026-06-10T06:23:01.819Z","level":"info","message":"GET / 304 273ms","ip":"::1","userId":"0c544294-e96b-4556-a5b2-a9af18dfcdcc","userAgent":"Mozilla/5.0 (Windows NT 10.0; Win64; x64) AppleWebKit/537.36 (KHTML, like Gecko)"}
{"ts":"2026-06-10T06:23:02.038Z","level":"info","message":"GET / 304 229ms","ip":"::1","userId":"0c544294-e96b-4556-a5b2-a9af18dfcdcc","userAgent":"Mozilla/5.0 (Windows NT 10.0; Win64; x64) AppleWebKit/537.36 (KHTML, like Gecko)"}
{"ts":"2026-06-10T06:23:02.058Z","level":"info","message":"GET / 304 237ms","ip":"::1","userId":"0c544294-e96b-4556-a5b2-a9af18dfcdcc","userAgent":"Mozilla/5.0 (Windows NT 10.0; Win64; x64) AppleWebKit/537.36 (KHTML, like Gecko)"}
{"ts":"2026-06-10T06:23:03.143Z","level":"info","message":"GET /pending/all 304 265ms","ip":"::1","userId":"0c544294-e96b-4556-a5b2-a9af18dfcdcc","userAgent":"Mozilla/5.0 (Windows NT 10.0; Win64; x64) AppleWebKit/537.36 (KHTML, like Gecko)"}
{"ts":"2026-06-10T06:23:03.360Z","level":"info","message":"GET /pending/all 304 216ms","ip":"::1","userId":"0c544294-e96b-4556-a5b2-a9af18dfcdcc","userAgent":"Mozilla/5.0 (Windows NT 10.0; Win64; x64) AppleWebKit/537.36 (KHTML, like Gecko)"}
{"ts":"2026-06-10T06:23:03.372Z","level":"info","message":"GET /visits 304 480ms","ip":"::1","userId":"0c544294-e96b-4556-a5b2-a9af18dfcdcc","userAgent":"Mozilla/5.0 (Windows NT 10.0; Win64; x64) AppleWebKit/537.36 (KHTML, like Gecko)"}
{"ts":"2026-06-10T06:23:03.455Z","level":"info","message":"GET /stats 304 571ms","ip":"::1","userId":"0c544294-e96b-4556-a5b2-a9af18dfcdcc","userAgent":"Mozilla/5.0 (Windows NT 10.0; Win64; x64) AppleWebKit/537.36 (KHTML, like Gecko)"}
{"ts":"2026-06-10T06:23:03.468Z","level":"info","message":"GET / 304 566ms","ip":"::1","userId":"0c544294-e96b-4556-a5b2-a9af18dfcdcc","userAgent":"Mozilla/5.0 (Windows NT 10.0; Win64; x64) AppleWebKit/537.36 (KHTML, like Gecko)"}
{"ts":"2026-06-10T06:23:03.496Z","level":"info","message":"GET /profit 304 606ms","ip":"::1","userId":"0c544294-e96b-4556-a5b2-a9af18dfcdcc","userAgent":"Mozilla/5.0 (Windows NT 10.0; Win64; x64) AppleWebKit/537.36 (KHTML, like Gecko)"}
{"ts":"2026-06-10T06:23:03.561Z","level":"info","message":"GET /visits 304 188ms","ip":"::1","userId":"0c544294-e96b-4556-a5b2-a9af18dfcdcc","userAgent":"Mozilla/5.0 (Windows NT 10.0; Win64; x64) AppleWebKit/537.36 (KHTML, like Gecko)"}
{"ts":"2026-06-10T06:23:03.573Z","level":"info","message":"GET / 304 97ms","ip":"::1","userId":"0c544294-e96b-4556-a5b2-a9af18dfcdcc","userAgent":"Mozilla/5.0 (Windows NT 10.0; Win64; x64) AppleWebKit/537.36 (KHTML, like Gecko)"}
{"ts":"2026-06-10T06:23:03.712Z","level":"info","message":"GET /profit 304 214ms","ip":"::1","userId":"0c544294-e96b-4556-a5b2-a9af18dfcdcc","userAgent":"Mozilla/5.0 (Windows NT 10.0; Win64; x64) AppleWebKit/537.36 (KHTML, like Gecko)"}
{"ts":"2026-06-10T06:23:03.757Z","level":"info","message":"GET /stats 304 300ms","ip":"::1","userId":"0c544294-e96b-4556-a5b2-a9af18dfcdcc","userAgent":"Mozilla/5.0 (Windows NT 10.0; Win64; x64) AppleWebKit/537.36 (KHTML, like Gecko)"}
{"ts":"2026-06-10T06:23:04.492Z","level":"info","message":"GET /pending/all 304 196ms","ip":"::1","userId":"0c544294-e96b-4556-a5b2-a9af18dfcdcc","userAgent":"Mozilla/5.0 (Windows NT 10.0; Win64; x64) AppleWebKit/537.36 (KHTML, like Gecko)"}
{"ts":"2026-06-10T06:23:04.679Z","level":"info","message":"GET /pending/all 304 184ms","ip":"::1","userId":"0c544294-e96b-4556-a5b2-a9af18dfcdcc","userAgent":"Mozilla/5.0 (Windows NT 10.0; Win64; x64) AppleWebKit/537.36 (KHTML, like Gecko)"}
{"ts":"2026-06-10T06:30:55.830Z","level":"info","message":"Backup scheduled: 0 2 * * *"}
{"ts":"2026-06-10T06:30:55.833Z","level":"info","message":"🚀 POS Server running on port 3001"}
{"ts":"2026-06-10T06:30:55.833Z","level":"info","message":"   Environment: development"}
{"ts":"2026-06-10T06:30:55.833Z","level":"info","message":"   Client URL:  http://localhost:5173"}
{"ts":"2026-06-10T06:30:57.155Z","level":"info","message":"Backup scheduled: 0 2 * * *"}
{"ts":"2026-06-10T06:30:57.159Z","level":"info","message":"🚀 POS Server running on port 3001"}
{"ts":"2026-06-10T06:30:57.159Z","level":"info","message":"   Environment: development"}
{"ts":"2026-06-10T06:30:57.159Z","level":"info","message":"   Client URL:  http://localhost:5173"}
{"ts":"2026-06-10T06:31:12.800Z","level":"info","message":"Backup scheduled: 0 2 * * *"}
{"ts":"2026-06-10T06:31:12.804Z","level":"info","message":"🚀 POS Server running on port 3001"}
{"ts":"2026-06-10T06:31:12.804Z","level":"info","message":"   Environment: development"}
{"ts":"2026-06-10T06:31:12.804Z","level":"info","message":"   Client URL:  http://localhost:5173"}
{"ts":"2026-06-10T06:31:36.313Z","level":"info","message":"GET /pending/all 304 1015ms","ip":"::1","userId":"0c544294-e96b-4556-a5b2-a9af18dfcdcc","userAgent":"Mozilla/5.0 (Windows NT 10.0; Win64; x64) AppleWebKit/537.36 (KHTML, like Gecko)"}
{"ts":"2026-06-10T06:34:20.631Z","level":"info","message":"GET /visits 304 3298ms","ip":"::1","userId":"0c544294-e96b-4556-a5b2-a9af18dfcdcc","userAgent":"Mozilla/5.0 (Windows NT 10.0; Win64; x64) AppleWebKit/537.36 (KHTML, like Gecko)"}
{"ts":"2026-06-10T06:34:20.732Z","level":"info","message":"GET /profit 304 3404ms","ip":"::1","userId":"0c544294-e96b-4556-a5b2-a9af18dfcdcc","userAgent":"Mozilla/5.0 (Windows NT 10.0; Win64; x64) AppleWebKit/537.36 (KHTML, like Gecko)"}
{"ts":"2026-06-10T06:34:20.735Z","level":"info","message":"GET /stats 304 3419ms","ip":"::1","userId":"0c544294-e96b-4556-a5b2-a9af18dfcdcc","userAgent":"Mozilla/5.0 (Windows NT 10.0; Win64; x64) AppleWebKit/537.36 (KHTML, like Gecko)"}
{"ts":"2026-06-10T06:34:20.743Z","level":"info","message":"GET / 304 3420ms","ip":"::1","userId":"0c544294-e96b-4556-a5b2-a9af18dfcdcc","userAgent":"Mozilla/5.0 (Windows NT 10.0; Win64; x64) AppleWebKit/537.36 (KHTML, like Gecko)"}
{"ts":"2026-06-10T06:34:20.744Z","level":"info","message":"GET /pending/all 304 3418ms","ip":"::1","userId":"0c544294-e96b-4556-a5b2-a9af18dfcdcc","userAgent":"Mozilla/5.0 (Windows NT 10.0; Win64; x64) AppleWebKit/537.36 (KHTML, like Gecko)"}
{"ts":"2026-06-10T06:34:20.759Z","level":"info","message":"GET /visits 304 124ms","ip":"::1","userId":"0c544294-e96b-4556-a5b2-a9af18dfcdcc","userAgent":"Mozilla/5.0 (Windows NT 10.0; Win64; x64) AppleWebKit/537.36 (KHTML, like Gecko)"}
{"ts":"2026-06-10T06:34:20.981Z","level":"info","message":"GET /profit 304 244ms","ip":"::1","userId":"0c544294-e96b-4556-a5b2-a9af18dfcdcc","userAgent":"Mozilla/5.0 (Windows NT 10.0; Win64; x64) AppleWebKit/537.36 (KHTML, like Gecko)"}
{"ts":"2026-06-10T06:34:21.017Z","level":"info","message":"GET / 304 261ms","ip":"::1","userId":"0c544294-e96b-4556-a5b2-a9af18dfcdcc","userAgent":"Mozilla/5.0 (Windows NT 10.0; Win64; x64) AppleWebKit/537.36 (KHTML, like Gecko)"}
{"ts":"2026-06-10T06:34:21.039Z","level":"info","message":"GET /pending/all 304 282ms","ip":"::1","userId":"0c544294-e96b-4556-a5b2-a9af18dfcdcc","userAgent":"Mozilla/5.0 (Windows NT 10.0; Win64; x64) AppleWebKit/537.36 (KHTML, like Gecko)"}
{"ts":"2026-06-10T06:34:21.302Z","level":"info","message":"GET /stats 304 556ms","ip":"::1","userId":"0c544294-e96b-4556-a5b2-a9af18dfcdcc","userAgent":"Mozilla/5.0 (Windows NT 10.0; Win64; x64) AppleWebKit/537.36 (KHTML, like Gecko)"}
{"ts":"2026-06-10T06:34:21.774Z","level":"info","message":"GET / 304 124ms","ip":"::1","userId":"0c544294-e96b-4556-a5b2-a9af18dfcdcc","userAgent":"Mozilla/5.0 (Windows NT 10.0; Win64; x64) AppleWebKit/537.36 (KHTML, like Gecko)"}
{"ts":"2026-06-10T06:34:21.863Z","level":"info","message":"GET / 304 215ms","ip":"::1","userId":"0c544294-e96b-4556-a5b2-a9af18dfcdcc","userAgent":"Mozilla/5.0 (Windows NT 10.0; Win64; x64) AppleWebKit/537.36 (KHTML, like Gecko)"}
{"ts":"2026-06-10T06:34:21.887Z","level":"info","message":"GET / 304 109ms","ip":"::1","userId":"0c544294-e96b-4556-a5b2-a9af18dfcdcc","userAgent":"Mozilla/5.0 (Windows NT 10.0; Win64; x64) AppleWebKit/537.36 (KHTML, like Gecko)"}
{"ts":"2026-06-10T06:34:22.044Z","level":"info","message":"GET / 304 179ms","ip":"::1","userId":"0c544294-e96b-4556-a5b2-a9af18dfcdcc","userAgent":"Mozilla/5.0 (Windows NT 10.0; Win64; x64) AppleWebKit/537.36 (KHTML, like Gecko)"}
{"ts":"2026-06-10T06:34:22.638Z","level":"info","message":"GET / 304 90ms","ip":"::1","userId":"0c544294-e96b-4556-a5b2-a9af18dfcdcc","userAgent":"Mozilla/5.0 (Windows NT 10.0; Win64; x64) AppleWebKit/537.36 (KHTML, like Gecko)"}
{"ts":"2026-06-10T06:34:22.735Z","level":"info","message":"GET /pending/all 304 190ms","ip":"::1","userId":"0c544294-e96b-4556-a5b2-a9af18dfcdcc","userAgent":"Mozilla/5.0 (Windows NT 10.0; Win64; x64) AppleWebKit/537.36 (KHTML, like Gecko)"}
{"ts":"2026-06-10T06:34:22.744Z","level":"info","message":"GET / 304 100ms","ip":"::1","userId":"0c544294-e96b-4556-a5b2-a9af18dfcdcc","userAgent":"Mozilla/5.0 (Windows NT 10.0; Win64; x64) AppleWebKit/537.36 (KHTML, like Gecko)"}
{"ts":"2026-06-10T06:34:22.940Z","level":"info","message":"GET /pending/all 304 201ms","ip":"::1","userId":"0c544294-e96b-4556-a5b2-a9af18dfcdcc","userAgent":"Mozilla/5.0 (Windows NT 10.0; Win64; x64) AppleWebKit/537.36 (KHTML, like Gecko)"}
{"ts":"2026-06-10T06:34:23.801Z","level":"info","message":"GET / 304 459ms","ip":"::1","userId":"0c544294-e96b-4556-a5b2-a9af18dfcdcc","userAgent":"Mozilla/5.0 (Windows NT 10.0; Win64; x64) AppleWebKit/537.36 (KHTML, like Gecko)"}
{"ts":"2026-06-10T06:34:23.979Z","level":"info","message":"GET / 304 176ms","ip":"::1","userId":"0c544294-e96b-4556-a5b2-a9af18dfcdcc","userAgent":"Mozilla/5.0 (Windows NT 10.0; Win64; x64) AppleWebKit/537.36 (KHTML, like Gecko)"}
{"ts":"2026-06-10T06:34:24.451Z","level":"info","message":"GET /pending/all 304 185ms","ip":"::1","userId":"0c544294-e96b-4556-a5b2-a9af18dfcdcc","userAgent":"Mozilla/5.0 (Windows NT 10.0; Win64; x64) AppleWebKit/537.36 (KHTML, like Gecko)"}
{"ts":"2026-06-10T06:34:24.635Z","level":"info","message":"GET /pending/all 304 182ms","ip":"::1","userId":"0c544294-e96b-4556-a5b2-a9af18dfcdcc","userAgent":"Mozilla/5.0 (Windows NT 10.0; Win64; x64) AppleWebKit/537.36 (KHTML, like Gecko)"}
{"ts":"2026-06-10T06:34:25.678Z","level":"warn","message":"GET /api/reports/summary 404 2ms","ip":"::1","userAgent":"Mozilla/5.0 (Windows NT 10.0; Win64; x64) AppleWebKit/537.36 (KHTML, like Gecko)"}
{"ts":"2026-06-10T06:34:25.692Z","level":"warn","message":"GET /api/reports/top_products 404 2ms","ip":"::1","userAgent":"Mozilla/5.0 (Windows NT 10.0; Win64; x64) AppleWebKit/537.36 (KHTML, like Gecko)"}
{"ts":"2026-06-10T06:34:25.695Z","level":"warn","message":"GET /api/reports/summary 404 0ms","ip":"::1","userAgent":"Mozilla/5.0 (Windows NT 10.0; Win64; x64) AppleWebKit/537.36 (KHTML, like Gecko)"}
{"ts":"2026-06-10T06:34:25.697Z","level":"warn","message":"GET /api/reports/top_products 404 0ms","ip":"::1","userAgent":"Mozilla/5.0 (Windows NT 10.0; Win64; x64) AppleWebKit/537.36 (KHTML, like Gecko)"}
{"ts":"2026-06-10T06:34:25.861Z","level":"info","message":"GET /profit 304 189ms","ip":"::1","userId":"0c544294-e96b-4556-a5b2-a9af18dfcdcc","userAgent":"Mozilla/5.0 (Windows NT 10.0; Win64; x64) AppleWebKit/537.36 (KHTML, like Gecko)"}
{"ts":"2026-06-10T06:34:26.042Z","level":"info","message":"GET /profit 304 178ms","ip":"::1","userId":"0c544294-e96b-4556-a5b2-a9af18dfcdcc","userAgent":"Mozilla/5.0 (Windows NT 10.0; Win64; x64) AppleWebKit/537.36 (KHTML, like Gecko)"}
{"ts":"2026-06-10T06:34:26.230Z","level":"info","message":"GET /profit 304 548ms","ip":"::1","userId":"0c544294-e96b-4556-a5b2-a9af18dfcdcc","userAgent":"Mozilla/5.0 (Windows NT 10.0; Win64; x64) AppleWebKit/537.36 (KHTML, like Gecko)"}
{"ts":"2026-06-10T06:34:26.416Z","level":"info","message":"GET /profit 304 184ms","ip":"::1","userId":"0c544294-e96b-4556-a5b2-a9af18dfcdcc","userAgent":"Mozilla/5.0 (Windows NT 10.0; Win64; x64) AppleWebKit/537.36 (KHTML, like Gecko)"}
{"ts":"2026-06-10T06:34:26.462Z","level":"warn","message":"GET /api/reports/reminder_logs 404 0ms","ip":"::1","userAgent":"Mozilla/5.0 (Windows NT 10.0; Win64; x64) AppleWebKit/537.36 (KHTML, like Gecko)"}
{"ts":"2026-06-10T06:34:26.465Z","level":"warn","message":"GET /api/reports/reminder_logs 404 1ms","ip":"::1","userAgent":"Mozilla/5.0 (Windows NT 10.0; Win64; x64) AppleWebKit/537.36 (KHTML, like Gecko)"}
{"ts":"2026-06-10T06:34:26.634Z","level":"info","message":"GET /pending/all 304 187ms","ip":"::1","userId":"0c544294-e96b-4556-a5b2-a9af18dfcdcc","userAgent":"Mozilla/5.0 (Windows NT 10.0; Win64; x64) AppleWebKit/537.36 (KHTML, like Gecko)"}
{"ts":"2026-06-10T06:34:26.817Z","level":"info","message":"GET /pending/all 304 180ms","ip":"::1","userId":"0c544294-e96b-4556-a5b2-a9af18dfcdcc","userAgent":"Mozilla/5.0 (Windows NT 10.0; Win64; x64) AppleWebKit/537.36 (KHTML, like Gecko)"}
{"ts":"2026-06-10T06:34:31.293Z","level":"info","message":"GET /export/report 200 260ms","ip":"::1","userId":"0c544294-e96b-4556-a5b2-a9af18dfcdcc","userAgent":"Mozilla/5.0 (Windows NT 10.0; Win64; x64) AppleWebKit/537.36 (KHTML, like Gecko)"}
{"ts":"2026-06-10T06:34:35.886Z","level":"info","message":"Manual backup triggered","userId":"0c544294-e96b-4556-a5b2-a9af18dfcdcc"}
{"ts":"2026-06-10T06:34:35.888Z","level":"info","message":"Starting backup: backups\\pos_backup_2026-06-10_12-04"}
{"ts":"2026-06-10T06:34:36.047Z","level":"info","message":"  Backed up customers: 4 rows"}
{"ts":"2026-06-10T06:34:37.241Z","level":"info","message":"Backup scheduled: 0 2 * * *"}
{"ts":"2026-06-10T06:34:37.244Z","level":"info","message":"🚀 POS Server running on port 3001"}
{"ts":"2026-06-10T06:34:37.244Z","level":"info","message":"   Environment: development"}
{"ts":"2026-06-10T06:34:37.245Z","level":"info","message":"   Client URL:  http://localhost:5173"}
{"ts":"2026-06-10T06:34:37.396Z","level":"info","message":"Manual backup triggered","userId":"0c544294-e96b-4556-a5b2-a9af18dfcdcc"}
{"ts":"2026-06-10T06:34:37.397Z","level":"info","message":"Starting backup: backups\\pos_backup_2026-06-10_12-04"}
{"ts":"2026-06-10T06:34:37.674Z","level":"info","message":"  Backed up customers: 4 rows"}
{"ts":"2026-06-10T06:34:37.850Z","level":"info","message":"  Backed up products: 6 rows"}
{"ts":"2026-06-10T06:34:38.028Z","level":"info","message":"  Backed up bills: 19 rows"}
{"ts":"2026-06-10T06:34:38.208Z","level":"info","message":"  Backed up bill_items: 44 rows"}
{"ts":"2026-06-10T06:34:38.387Z","level":"info","message":"  Backed up pending_payments: 6 rows"}
{"ts":"2026-06-10T06:34:38.577Z","level":"warn","message":"Skipping table payment_history: column payment_history.created_at does not exist"}
{"ts":"2026-06-10T06:34:38.757Z","level":"warn","message":"Skipping table reminders_log: column reminders_log.created_at does not exist"}
{"ts":"2026-06-10T06:34:38.936Z","level":"info","message":"  Backed up customer_visits: 5 rows"}
{"ts":"2026-06-10T06:34:39.134Z","level":"info","message":"  Backed up audit_log: 61 rows"}
{"ts":"2026-06-10T06:34:39.148Z","level":"info","message":"Backup complete: 145 total rows"}
{"ts":"2026-06-10T06:34:39.171Z","level":"info","message":"POST /run 200 1777ms","ip":"::1","userId":"0c544294-e96b-4556-a5b2-a9af18dfcdcc","userAgent":"Mozilla/5.0 (Windows NT 10.0; Win64; x64) AppleWebKit/537.36 (KHTML, like Gecko)"}
{"ts":"2026-06-10T06:34:41.063Z","level":"info","message":"GET /export/report 200 539ms","ip":"::1","userId":"0c544294-e96b-4556-a5b2-a9af18dfcdcc","userAgent":"Mozilla/5.0 (Windows NT 10.0; Win64; x64) AppleWebKit/537.36 (KHTML, like Gecko)"}
{"ts":"2026-06-10T06:34:49.066Z","level":"info","message":"GET /export/report 200 279ms","ip":"::ffff:127.0.0.1","userId":"0c544294-e96b-4556-a5b2-a9af18dfcdcc","userAgent":"Mozilla/5.0 (Windows NT 10.0; Win64; x64) AppleWebKit/537.36 (KHTML, like Gecko)"}
{"ts":"2026-06-10T06:34:57.904Z","level":"info","message":"GET /export/report 200 401ms","ip":"::1","userId":"0c544294-e96b-4556-a5b2-a9af18dfcdcc","userAgent":"Mozilla/5.0 (Windows NT 10.0; Win64; x64) AppleWebKit/537.36 (KHTML, like Gecko)"}
{"ts":"2026-06-10T06:35:14.685Z","level":"info","message":"GET /export/report 200 669ms","ip":"::1","userId":"0c544294-e96b-4556-a5b2-a9af18dfcdcc","userAgent":"Mozilla/5.0 (Windows NT 10.0; Win64; x64) AppleWebKit/537.36 (KHTML, like Gecko)"}
{"ts":"2026-06-10T06:36:25.059Z","level":"info","message":"Manual backup triggered","userId":"0c544294-e96b-4556-a5b2-a9af18dfcdcc"}
{"ts":"2026-06-10T06:36:25.061Z","level":"info","message":"Starting backup: backups\\pos_backup_2026-06-10_12-06"}
{"ts":"2026-06-10T06:36:25.768Z","level":"info","message":"  Backed up customers: 4 rows"}
{"ts":"2026-06-10T06:36:25.996Z","level":"info","message":"  Backed up products: 6 rows"}
{"ts":"2026-06-10T06:36:26.224Z","level":"info","message":"  Backed up bills: 19 rows"}
{"ts":"2026-06-10T06:36:26.473Z","level":"info","message":"  Backed up bill_items: 44 rows"}
{"ts":"2026-06-10T06:36:26.713Z","level":"info","message":"  Backed up pending_payments: 6 rows"}
{"ts":"2026-06-10T06:36:26.967Z","level":"warn","message":"Skipping table payment_history: column payment_history.created_at does not exist"}
{"ts":"2026-06-10T06:36:27.188Z","level":"warn","message":"Skipping table reminders_log: column reminders_log.created_at does not exist"}
{"ts":"2026-06-10T06:36:27.423Z","level":"info","message":"  Backed up customer_visits: 5 rows"}
{"ts":"2026-06-10T06:36:27.678Z","level":"info","message":"  Backed up audit_log: 61 rows"}
{"ts":"2026-06-10T06:36:27.686Z","level":"info","message":"Backup complete: 145 total rows"}
{"ts":"2026-06-10T06:36:27.692Z","level":"info","message":"POST /run 200 2634ms","ip":"::1","userId":"0c544294-e96b-4556-a5b2-a9af18dfcdcc","userAgent":"Mozilla/5.0 (Windows NT 10.0; Win64; x64) AppleWebKit/537.36 (KHTML, like Gecko)"}
{"ts":"2026-06-10T06:36:31.522Z","level":"info","message":"GET /export/report 200 707ms","ip":"::1","userId":"0c544294-e96b-4556-a5b2-a9af18dfcdcc","userAgent":"Mozilla/5.0 (Windows NT 10.0; Win64; x64) AppleWebKit/537.36 (KHTML, like Gecko)"}
{"ts":"2026-06-10T06:37:47.991Z","level":"info","message":"GET /pending/all 304 719ms","ip":"::1","userId":"0c544294-e96b-4556-a5b2-a9af18dfcdcc","userAgent":"Mozilla/5.0 (Windows NT 10.0; Win64; x64) AppleWebKit/537.36 (KHTML, like Gecko)"}
{"ts":"2026-06-10T06:37:48.257Z","level":"info","message":"GET /pending/all 304 265ms","ip":"::1","userId":"0c544294-e96b-4556-a5b2-a9af18dfcdcc","userAgent":"Mozilla/5.0 (Windows NT 10.0; Win64; x64) AppleWebKit/537.36 (KHTML, like Gecko)"}
{"ts":"2026-06-10T06:37:52.243Z","level":"info","message":"GET / 304 441ms","ip":"::1","userId":"0c544294-e96b-4556-a5b2-a9af18dfcdcc","userAgent":"Mozilla/5.0 (Windows NT 10.0; Win64; x64) AppleWebKit/537.36 (KHTML, like Gecko)"}
{"ts":"2026-06-10T06:37:52.331Z","level":"info","message":"GET / 304 532ms","ip":"::1","userId":"0c544294-e96b-4556-a5b2-a9af18dfcdcc","userAgent":"Mozilla/5.0 (Windows NT 10.0; Win64; x64) AppleWebKit/537.36 (KHTML, like Gecko)"}
{"ts":"2026-06-10T06:37:52.409Z","level":"info","message":"GET / 304 162ms","ip":"::1","userId":"0c544294-e96b-4556-a5b2-a9af18dfcdcc","userAgent":"Mozilla/5.0 (Windows NT 10.0; Win64; x64) AppleWebKit/537.36 (KHTML, like Gecko)"}
{"ts":"2026-06-10T06:37:52.556Z","level":"info","message":"GET / 304 224ms","ip":"::1","userId":"0c544294-e96b-4556-a5b2-a9af18dfcdcc","userAgent":"Mozilla/5.0 (Windows NT 10.0; Win64; x64) AppleWebKit/537.36 (KHTML, like Gecko)"}
{"ts":"2026-06-10T06:38:06.265Z","level":"warn","message":"POST / 400 5ms","ip":"::1","userId":"0c544294-e96b-4556-a5b2-a9af18dfcdcc","userAgent":"Mozilla/5.0 (Windows NT 10.0; Win64; x64) AppleWebKit/537.36 (KHTML, like Gecko)"}
{"ts":"2026-06-10T06:38:07.953Z","level":"warn","message":"POST / 400 2ms","ip":"::1","userId":"0c544294-e96b-4556-a5b2-a9af18dfcdcc","userAgent":"Mozilla/5.0 (Windows NT 10.0; Win64; x64) AppleWebKit/537.36 (KHTML, like Gecko)"}
{"ts":"2026-06-10T06:38:20.124Z","level":"warn","message":"POST / 400 3ms","ip":"::1","userId":"0c544294-e96b-4556-a5b2-a9af18dfcdcc","userAgent":"Mozilla/5.0 (Windows NT 10.0; Win64; x64) AppleWebKit/537.36 (KHTML, like Gecko)"}
{"ts":"2026-06-10T06:38:34.386Z","level":"warn","message":"POST / 400 1ms","ip":"::1","userId":"0c544294-e96b-4556-a5b2-a9af18dfcdcc","userAgent":"Mozilla/5.0 (Windows NT 10.0; Win64; x64) AppleWebKit/537.36 (KHTML, like Gecko)"}
{"ts":"2026-06-10T06:38:42.179Z","level":"warn","message":"POST / 409 569ms","ip":"::1","userId":"0c544294-e96b-4556-a5b2-a9af18dfcdcc","userAgent":"Mozilla/5.0 (Windows NT 10.0; Win64; x64) AppleWebKit/537.36 (KHTML, like Gecko)"}
{"ts":"2026-06-10T06:38:50.327Z","level":"info","message":"POST / 201 2111ms","ip":"::1","userId":"0c544294-e96b-4556-a5b2-a9af18dfcdcc","userAgent":"Mozilla/5.0 (Windows NT 10.0; Win64; x64) AppleWebKit/537.36 (KHTML, like Gecko)"}
{"ts":"2026-06-10T06:38:52.133Z","level":"warn","message":"POST / 400 1ms","ip":"::1","userId":"0c544294-e96b-4556-a5b2-a9af18dfcdcc","userAgent":"Mozilla/5.0 (Windows NT 10.0; Win64; x64) AppleWebKit/537.36 (KHTML, like Gecko)"}
{"ts":"2026-06-10T06:38:58.290Z","level":"warn","message":"POST / 400 1ms","ip":"::1","userId":"0c544294-e96b-4556-a5b2-a9af18dfcdcc","userAgent":"Mozilla/5.0 (Windows NT 10.0; Win64; x64) AppleWebKit/537.36 (KHTML, like Gecko)"}
{"ts":"2026-06-10T06:39:02.894Z","level":"info","message":"GET / 200 382ms","ip":"::1","userId":"0c544294-e96b-4556-a5b2-a9af18dfcdcc","userAgent":"Mozilla/5.0 (Windows NT 10.0; Win64; x64) AppleWebKit/537.36 (KHTML, like Gecko)"}
{"ts":"2026-06-10T06:39:02.903Z","level":"info","message":"GET /pending/all 304 388ms","ip":"::1","userId":"0c544294-e96b-4556-a5b2-a9af18dfcdcc","userAgent":"Mozilla/5.0 (Windows NT 10.0; Win64; x64) AppleWebKit/537.36 (KHTML, like Gecko)"}
{"ts":"2026-06-10T06:39:03.090Z","level":"info","message":"GET / 304 190ms","ip":"::1","userId":"0c544294-e96b-4556-a5b2-a9af18dfcdcc","userAgent":"Mozilla/5.0 (Windows NT 10.0; Win64; x64) AppleWebKit/537.36 (KHTML, like Gecko)"}
{"ts":"2026-06-10T06:39:03.155Z","level":"info","message":"GET /pending/all 304 248ms","ip":"::1","userId":"0c544294-e96b-4556-a5b2-a9af18dfcdcc","userAgent":"Mozilla/5.0 (Windows NT 10.0; Win64; x64) AppleWebKit/537.36 (KHTML, like Gecko)"}
{"ts":"2026-06-10T06:39:08.974Z","level":"info","message":"GET /60e6a4c0-1226-4543-8f92-a668c9b9e2e7 200 893ms","ip":"::1","userId":"0c544294-e96b-4556-a5b2-a9af18dfcdcc","userAgent":"Mozilla/5.0 (Windows NT 10.0; Win64; x64) AppleWebKit/537.36 (KHTML, like Gecko)"}
{"ts":"2026-06-10T06:39:09.562Z","level":"info","message":"GET /60e6a4c0-1226-4543-8f92-a668c9b9e2e7 304 585ms","ip":"::1","userId":"0c544294-e96b-4556-a5b2-a9af18dfcdcc","userAgent":"Mozilla/5.0 (Windows NT 10.0; Win64; x64) AppleWebKit/537.36 (KHTML, like Gecko)"}
{"ts":"2026-06-10T06:39:20.567Z","level":"warn","message":"GET /api/reports/reminder_logs 404 1ms","ip":"::1","userAgent":"Mozilla/5.0 (Windows NT 10.0; Win64; x64) AppleWebKit/537.36 (KHTML, like Gecko)"}
{"ts":"2026-06-10T06:39:20.573Z","level":"warn","message":"GET /api/reports/reminder_logs 404 1ms","ip":"::1","userAgent":"Mozilla/5.0 (Windows NT 10.0; Win64; x64) AppleWebKit/537.36 (KHTML, like Gecko)"}
{"ts":"2026-06-10T06:39:21.060Z","level":"info","message":"GET /pending/all 304 504ms","ip":"::1","userId":"0c544294-e96b-4556-a5b2-a9af18dfcdcc","userAgent":"Mozilla/5.0 (Windows NT 10.0; Win64; x64) AppleWebKit/537.36 (KHTML, like Gecko)"}
{"ts":"2026-06-10T06:39:21.237Z","level":"info","message":"GET /pending/all 304 175ms","ip":"::1","userId":"0c544294-e96b-4556-a5b2-a9af18dfcdcc","userAgent":"Mozilla/5.0 (Windows NT 10.0; Win64; x64) AppleWebKit/537.36 (KHTML, like Gecko)"}
{"ts":"2026-06-10T06:41:18.246Z","level":"info","message":"GET / 304 965ms","ip":"::1","userId":"0c544294-e96b-4556-a5b2-a9af18dfcdcc","userAgent":"Mozilla/5.0 (Windows NT 10.0; Win64; x64) AppleWebKit/537.36 (KHTML, like Gecko)"}
{"ts":"2026-06-10T06:41:18.250Z","level":"info","message":"GET / 304 966ms","ip":"::1","userId":"0c544294-e96b-4556-a5b2-a9af18dfcdcc","userAgent":"Mozilla/5.0 (Windows NT 10.0; Win64; x64) AppleWebKit/537.36 (KHTML, like Gecko)"}
{"ts":"2026-06-10T06:41:18.530Z","level":"info","message":"GET / 304 279ms","ip":"::1","userId":"0c544294-e96b-4556-a5b2-a9af18dfcdcc","userAgent":"Mozilla/5.0 (Windows NT 10.0; Win64; x64) AppleWebKit/537.36 (KHTML, like Gecko)"}
{"ts":"2026-06-10T06:41:18.539Z","level":"info","message":"GET / 304 291ms","ip":"::1","userId":"0c544294-e96b-4556-a5b2-a9af18dfcdcc","userAgent":"Mozilla/5.0 (Windows NT 10.0; Win64; x64) AppleWebKit/537.36 (KHTML, like Gecko)"}
{"ts":"2026-06-10T06:41:23.994Z","level":"warn","message":"POST / 400 3ms","ip":"::1","userId":"0c544294-e96b-4556-a5b2-a9af18dfcdcc","userAgent":"Mozilla/5.0 (Windows NT 10.0; Win64; x64) AppleWebKit/537.36 (KHTML, like Gecko)"}
{"ts":"2026-06-10T06:41:30.389Z","level":"warn","message":"POST / 400 2ms","ip":"::1","userId":"0c544294-e96b-4556-a5b2-a9af18dfcdcc","userAgent":"Mozilla/5.0 (Windows NT 10.0; Win64; x64) AppleWebKit/537.36 (KHTML, like Gecko)"}
{"ts":"2026-06-10T06:41:47.475Z","level":"warn","message":"POST / 400 1ms","ip":"::1","userId":"0c544294-e96b-4556-a5b2-a9af18dfcdcc","userAgent":"Mozilla/5.0 (Windows NT 10.0; Win64; x64) AppleWebKit/537.36 (KHTML, like Gecko)"}
{"ts":"2026-06-10T06:41:56.130Z","level":"warn","message":"POST / 400 2ms","ip":"::1","userId":"0c544294-e96b-4556-a5b2-a9af18dfcdcc","userAgent":"Mozilla/5.0 (Windows NT 10.0; Win64; x64) AppleWebKit/537.36 (KHTML, like Gecko)"}
{"ts":"2026-06-10T06:42:08.240Z","level":"warn","message":"POST / 400 1ms","ip":"::1","userId":"0c544294-e96b-4556-a5b2-a9af18dfcdcc","userAgent":"Mozilla/5.0 (Windows NT 10.0; Win64; x64) AppleWebKit/537.36 (KHTML, like Gecko)"}
{"ts":"2026-06-10T06:42:08.711Z","level":"warn","message":"POST / 400 2ms","ip":"::1","userId":"0c544294-e96b-4556-a5b2-a9af18dfcdcc","userAgent":"Mozilla/5.0 (Windows NT 10.0; Win64; x64) AppleWebKit/537.36 (KHTML, like Gecko)"}
{"ts":"2026-06-10T06:42:08.837Z","level":"warn","message":"POST / 400 4ms","ip":"::1","userId":"0c544294-e96b-4556-a5b2-a9af18dfcdcc","userAgent":"Mozilla/5.0 (Windows NT 10.0; Win64; x64) AppleWebKit/537.36 (KHTML, like Gecko)"}
{"ts":"2026-06-10T06:42:16.955Z","level":"info","message":"GET /pending/all 304 744ms","ip":"::1","userId":"0c544294-e96b-4556-a5b2-a9af18dfcdcc","userAgent":"Mozilla/5.0 (Windows NT 10.0; Win64; x64) AppleWebKit/537.36 (KHTML, like Gecko)"}
{"ts":"2026-06-10T06:42:16.958Z","level":"info","message":"GET / 304 755ms","ip":"::1","userId":"0c544294-e96b-4556-a5b2-a9af18dfcdcc","userAgent":"Mozilla/5.0 (Windows NT 10.0; Win64; x64) AppleWebKit/537.36 (KHTML, like Gecko)"}
{"ts":"2026-06-10T06:42:17.118Z","level":"info","message":"GET / 304 158ms","ip":"::1","userId":"0c544294-e96b-4556-a5b2-a9af18dfcdcc","userAgent":"Mozilla/5.0 (Windows NT 10.0; Win64; x64) AppleWebKit/537.36 (KHTML, like Gecko)"}
{"ts":"2026-06-10T06:42:17.125Z","level":"info","message":"GET /pending/all 304 168ms","ip":"::1","userId":"0c544294-e96b-4556-a5b2-a9af18dfcdcc","userAgent":"Mozilla/5.0 (Windows NT 10.0; Win64; x64) AppleWebKit/537.36 (KHTML, like Gecko)"}
{"ts":"2026-06-10T06:42:25.220Z","level":"info","message":"GET / 304 469ms","ip":"::1","userId":"0c544294-e96b-4556-a5b2-a9af18dfcdcc","userAgent":"Mozilla/5.0 (Windows NT 10.0; Win64; x64) AppleWebKit/537.36 (KHTML, like Gecko)"}
{"ts":"2026-06-10T06:42:25.241Z","level":"info","message":"GET / 304 495ms","ip":"::1","userId":"0c544294-e96b-4556-a5b2-a9af18dfcdcc","userAgent":"Mozilla/5.0 (Windows NT 10.0; Win64; x64) AppleWebKit/537.36 (KHTML, like Gecko)"}
{"ts":"2026-06-10T06:42:25.450Z","level":"info","message":"GET / 304 229ms","ip":"::1","userId":"0c544294-e96b-4556-a5b2-a9af18dfcdcc","userAgent":"Mozilla/5.0 (Windows NT 10.0; Win64; x64) AppleWebKit/537.36 (KHTML, like Gecko)"}
{"ts":"2026-06-10T06:42:25.490Z","level":"info","message":"GET / 304 248ms","ip":"::1","userId":"0c544294-e96b-4556-a5b2-a9af18dfcdcc","userAgent":"Mozilla/5.0 (Windows NT 10.0; Win64; x64) AppleWebKit/537.36 (KHTML, like Gecko)"}
{"ts":"2026-06-10T07:36:29.678Z","level":"warn","message":"POST / 400 2ms","ip":"::1","userId":"0c544294-e96b-4556-a5b2-a9af18dfcdcc","userAgent":"Mozilla/5.0 (Windows NT 10.0; Win64; x64) AppleWebKit/537.36 (KHTML, like Gecko)"}
{"ts":"2026-06-10T07:36:36.391Z","level":"warn","message":"POST / 400 2ms","ip":"::1","userId":"0c544294-e96b-4556-a5b2-a9af18dfcdcc","userAgent":"Mozilla/5.0 (Windows NT 10.0; Win64; x64) AppleWebKit/537.36 (KHTML, like Gecko)"}
{"ts":"2026-06-10T07:37:03.075Z","level":"info","message":"Backup scheduled: 0 2 * * *"}
{"ts":"2026-06-10T07:37:03.078Z","level":"info","message":"🚀 POS Server running on port 3001"}
{"ts":"2026-06-10T07:37:03.079Z","level":"info","message":"   Environment: development"}
{"ts":"2026-06-10T07:37:03.079Z","level":"info","message":"   Client URL:  http://localhost:5173"}
{"ts":"2026-06-10T07:37:04.428Z","level":"info","message":"Backup scheduled: 0 2 * * *"}
{"ts":"2026-06-10T07:37:04.431Z","level":"info","message":"🚀 POS Server running on port 3001"}
{"ts":"2026-06-10T07:37:04.431Z","level":"info","message":"   Environment: development"}
{"ts":"2026-06-10T07:37:04.431Z","level":"info","message":"   Client URL:  http://localhost:5173"}
{"ts":"2026-06-10T07:37:34.453Z","level":"info","message":"GET / 304 1119ms","ip":"::1","userId":"0c544294-e96b-4556-a5b2-a9af18dfcdcc","userAgent":"Mozilla/5.0 (Windows NT 10.0; Win64; x64) AppleWebKit/537.36 (KHTML, like Gecko)"}
{"ts":"2026-06-10T07:37:34.798Z","level":"info","message":"GET / 304 1486ms","ip":"::1","userId":"0c544294-e96b-4556-a5b2-a9af18dfcdcc","userAgent":"Mozilla/5.0 (Windows NT 10.0; Win64; x64) AppleWebKit/537.36 (KHTML, like Gecko)"}
{"ts":"2026-06-10T07:38:30.815Z","level":"info","message":"Backup scheduled: 0 2 * * *"}
{"ts":"2026-06-10T07:38:30.818Z","level":"info","message":"🚀 POS Server running on port 3001"}
{"ts":"2026-06-10T07:38:30.818Z","level":"info","message":"   Environment: development"}
{"ts":"2026-06-10T07:38:30.818Z","level":"info","message":"   Client URL:  http://localhost:5173"}
{"ts":"2026-06-10T07:38:33.686Z","level":"error","message":"Bill creation failed","error":"supabaseAdmin.from(...).insert(...).catch is not a function","userId":"0c544294-e96b-4556-a5b2-a9af18dfcdcc"}
{"ts":"2026-06-10T07:38:33.693Z","level":"warn","message":"POST / 500 2687ms","ip":"::1","userId":"0c544294-e96b-4556-a5b2-a9af18dfcdcc","userAgent":"Mozilla/5.0 (Windows NT 10.0; Win64; x64) AppleWebKit/537.36 (KHTML, like Gecko)"}
{"ts":"2026-06-10T07:38:40.587Z","level":"error","message":"Bill creation failed","error":"supabaseAdmin.from(...).insert(...).catch is not a function","userId":"0c544294-e96b-4556-a5b2-a9af18dfcdcc"}
{"ts":"2026-06-10T07:38:40.588Z","level":"warn","message":"POST / 500 2161ms","ip":"::1","userId":"0c544294-e96b-4556-a5b2-a9af18dfcdcc","userAgent":"Mozilla/5.0 (Windows NT 10.0; Win64; x64) AppleWebKit/537.36 (KHTML, like Gecko)"}
{"ts":"2026-06-10T07:38:47.746Z","level":"error","message":"Bill creation failed","error":"supabaseAdmin.from(...).insert(...).catch is not a function","userId":"0c544294-e96b-4556-a5b2-a9af18dfcdcc"}
{"ts":"2026-06-10T07:38:47.751Z","level":"warn","message":"POST / 500 2566ms","ip":"::1","userId":"0c544294-e96b-4556-a5b2-a9af18dfcdcc","userAgent":"Mozilla/5.0 (Windows NT 10.0; Win64; x64) AppleWebKit/537.36 (KHTML, like Gecko)"}
{"ts":"2026-06-10T07:38:54.657Z","level":"error","message":"Bill creation failed","error":"supabaseAdmin.from(...).insert(...).catch is not a function","userId":"0c544294-e96b-4556-a5b2-a9af18dfcdcc"}
{"ts":"2026-06-10T07:38:54.658Z","level":"warn","message":"POST / 500 2304ms","ip":"::1","userId":"0c544294-e96b-4556-a5b2-a9af18dfcdcc","userAgent":"Mozilla/5.0 (Windows NT 10.0; Win64; x64) AppleWebKit/537.36 (KHTML, like Gecko)"}
{"ts":"2026-06-10T07:39:01.423Z","level":"error","message":"Bill creation failed","error":"supabaseAdmin.from(...).insert(...).catch is not a function","userId":"0c544294-e96b-4556-a5b2-a9af18dfcdcc"}
{"ts":"2026-06-10T07:39:01.427Z","level":"warn","message":"POST / 500 2042ms","ip":"::1","userId":"0c544294-e96b-4556-a5b2-a9af18dfcdcc","userAgent":"Mozilla/5.0 (Windows NT 10.0; Win64; x64) AppleWebKit/537.36 (KHTML, like Gecko)"}
{"ts":"2026-06-10T07:39:08.436Z","level":"error","message":"Bill creation failed","error":"supabaseAdmin.from(...).insert(...).catch is not a function","userId":"0c544294-e96b-4556-a5b2-a9af18dfcdcc"}
{"ts":"2026-06-10T07:39:08.437Z","level":"warn","message":"POST / 500 2167ms","ip":"::1","userId":"0c544294-e96b-4556-a5b2-a9af18dfcdcc","userAgent":"Mozilla/5.0 (Windows NT 10.0; Win64; x64) AppleWebKit/537.36 (KHTML, like Gecko)"}
{"ts":"2026-06-10T07:40:18.103Z","level":"info","message":"Backup scheduled: 0 2 * * *"}
{"ts":"2026-06-10T07:40:18.106Z","level":"info","message":"🚀 POS Server running on port 3001"}
{"ts":"2026-06-10T07:40:18.106Z","level":"info","message":"   Environment: development"}
{"ts":"2026-06-10T07:40:18.107Z","level":"info","message":"   Client URL:  http://localhost:5173"}
{"ts":"2026-06-10T07:40:57.556Z","level":"info","message":"POST / 201 8985ms","ip":"::1","userId":"0c544294-e96b-4556-a5b2-a9af18dfcdcc","userAgent":"Mozilla/5.0 (Windows NT 10.0; Win64; x64) AppleWebKit/537.36 (KHTML, like Gecko)"}
{"ts":"2026-06-10T07:42:16.256Z","level":"info","message":"GET / 200 1038ms","ip":"::1","userId":"0c544294-e96b-4556-a5b2-a9af18dfcdcc","userAgent":"Mozilla/5.0 (Windows NT 10.0; Win64; x64) AppleWebKit/537.36 (KHTML, like Gecko)"}
{"ts":"2026-06-10T07:42:16.343Z","level":"info","message":"GET /pending/all 304 1153ms","ip":"::1","userId":"0c544294-e96b-4556-a5b2-a9af18dfcdcc","userAgent":"Mozilla/5.0 (Windows NT 10.0; Win64; x64) AppleWebKit/537.36 (KHTML, like Gecko)"}
{"ts":"2026-06-10T07:42:16.404Z","level":"info","message":"GET /visits 200 1187ms","ip":"::1","userId":"0c544294-e96b-4556-a5b2-a9af18dfcdcc","userAgent":"Mozilla/5.0 (Windows NT 10.0; Win64; x64) AppleWebKit/537.36 (KHTML, like Gecko)"}
{"ts":"2026-06-10T07:42:16.436Z","level":"info","message":"GET /profit 200 1236ms","ip":"::1","userId":"0c544294-e96b-4556-a5b2-a9af18dfcdcc","userAgent":"Mozilla/5.0 (Windows NT 10.0; Win64; x64) AppleWebKit/537.36 (KHTML, like Gecko)"}
{"ts":"2026-06-10T07:42:16.439Z","level":"info","message":"GET / 304 179ms","ip":"::1","userId":"0c544294-e96b-4556-a5b2-a9af18dfcdcc","userAgent":"Mozilla/5.0 (Windows NT 10.0; Win64; x64) AppleWebKit/537.36 (KHTML, like Gecko)"}
{"ts":"2026-06-10T07:42:16.492Z","level":"info","message":"GET /pending/all 304 145ms","ip":"::1","userId":"0c544294-e96b-4556-a5b2-a9af18dfcdcc","userAgent":"Mozilla/5.0 (Windows NT 10.0; Win64; x64) AppleWebKit/537.36 (KHTML, like Gecko)"}
{"ts":"2026-06-10T07:42:16.495Z","level":"info","message":"GET /stats 200 1289ms","ip":"::1","userId":"0c544294-e96b-4556-a5b2-a9af18dfcdcc","userAgent":"Mozilla/5.0 (Windows NT 10.0; Win64; x64) AppleWebKit/537.36 (KHTML, like Gecko)"}
{"ts":"2026-06-10T07:42:16.686Z","level":"info","message":"GET /visits 304 266ms","ip":"::1","userId":"0c544294-e96b-4556-a5b2-a9af18dfcdcc","userAgent":"Mozilla/5.0 (Windows NT 10.0; Win64; x64) AppleWebKit/537.36 (KHTML, like Gecko)"}
{"ts":"2026-06-10T07:42:16.757Z","level":"info","message":"GET /profit 304 315ms","ip":"::1","userId":"0c544294-e96b-4556-a5b2-a9af18dfcdcc","userAgent":"Mozilla/5.0 (Windows NT 10.0; Win64; x64) AppleWebKit/537.36 (KHTML, like Gecko)"}
{"ts":"2026-06-10T07:42:17.051Z","level":"info","message":"GET /stats 304 555ms","ip":"::1","userId":"0c544294-e96b-4556-a5b2-a9af18dfcdcc","userAgent":"Mozilla/5.0 (Windows NT 10.0; Win64; x64) AppleWebKit/537.36 (KHTML, like Gecko)"}
{"ts":"2026-06-10T07:42:17.478Z","level":"info","message":"GET / 200 128ms","ip":"::1","userId":"0c544294-e96b-4556-a5b2-a9af18dfcdcc","userAgent":"Mozilla/5.0 (Windows NT 10.0; Win64; x64) AppleWebKit/537.36 (KHTML, like Gecko)"}
{"ts":"2026-06-10T07:42:17.589Z","level":"info","message":"GET / 304 109ms","ip":"::1","userId":"0c544294-e96b-4556-a5b2-a9af18dfcdcc","userAgent":"Mozilla/5.0 (Windows NT 10.0; Win64; x64) AppleWebKit/537.36 (KHTML, like Gecko)"}
{"ts":"2026-06-10T07:42:17.594Z","level":"info","message":"GET / 304 242ms","ip":"::1","userId":"0c544294-e96b-4556-a5b2-a9af18dfcdcc","userAgent":"Mozilla/5.0 (Windows NT 10.0; Win64; x64) AppleWebKit/537.36 (KHTML, like Gecko)"}
{"ts":"2026-06-10T07:42:17.725Z","level":"info","message":"GET / 304 130ms","ip":"::1","userId":"0c544294-e96b-4556-a5b2-a9af18dfcdcc","userAgent":"Mozilla/5.0 (Windows NT 10.0; Win64; x64) AppleWebKit/537.36 (KHTML, like Gecko)"}
{"ts":"2026-06-10T07:42:18.147Z","level":"info","message":"GET / 304 104ms","ip":"::1","userId":"0c544294-e96b-4556-a5b2-a9af18dfcdcc","userAgent":"Mozilla/5.0 (Windows NT 10.0; Win64; x64) AppleWebKit/537.36 (KHTML, like Gecko)"}
{"ts":"2026-06-10T07:42:18.239Z","level":"info","message":"GET /pending/all 304 194ms","ip":"::1","userId":"0c544294-e96b-4556-a5b2-a9af18dfcdcc","userAgent":"Mozilla/5.0 (Windows NT 10.0; Win64; x64) AppleWebKit/537.36 (KHTML, like Gecko)"}
{"ts":"2026-06-10T07:42:18.279Z","level":"info","message":"GET / 304 129ms","ip":"::1","userId":"0c544294-e96b-4556-a5b2-a9af18dfcdcc","userAgent":"Mozilla/5.0 (Windows NT 10.0; Win64; x64) AppleWebKit/537.36 (KHTML, like Gecko)"}
{"ts":"2026-06-10T07:42:18.443Z","level":"info","message":"GET /pending/all 304 200ms","ip":"::1","userId":"0c544294-e96b-4556-a5b2-a9af18dfcdcc","userAgent":"Mozilla/5.0 (Windows NT 10.0; Win64; x64) AppleWebKit/537.36 (KHTML, like Gecko)"}
{"ts":"2026-06-10T07:42:22.647Z","level":"info","message":"GET / 304 181ms","ip":"::1","userId":"0c544294-e96b-4556-a5b2-a9af18dfcdcc","userAgent":"Mozilla/5.0 (Windows NT 10.0; Win64; x64) AppleWebKit/537.36 (KHTML, like Gecko)"}
{"ts":"2026-06-10T07:42:22.735Z","level":"info","message":"GET / 304 268ms","ip":"::1","userId":"0c544294-e96b-4556-a5b2-a9af18dfcdcc","userAgent":"Mozilla/5.0 (Windows NT 10.0; Win64; x64) AppleWebKit/537.36 (KHTML, like Gecko)"}
{"ts":"2026-06-10T07:42:22.770Z","level":"info","message":"GET / 304 120ms","ip":"::1","userId":"0c544294-e96b-4556-a5b2-a9af18dfcdcc","userAgent":"Mozilla/5.0 (Windows NT 10.0; Win64; x64) AppleWebKit/537.36 (KHTML, like Gecko)"}
{"ts":"2026-06-10T07:42:22.919Z","level":"info","message":"GET / 304 180ms","ip":"::1","userId":"0c544294-e96b-4556-a5b2-a9af18dfcdcc","userAgent":"Mozilla/5.0 (Windows NT 10.0; Win64; x64) AppleWebKit/537.36 (KHTML, like Gecko)"}
{"ts":"2026-06-10T07:42:46.730Z","level":"info","message":"POST / 201 1691ms","ip":"::1","userId":"0c544294-e96b-4556-a5b2-a9af18dfcdcc","userAgent":"Mozilla/5.0 (Windows NT 10.0; Win64; x64) AppleWebKit/537.36 (KHTML, like Gecko)"}
{"ts":"2026-06-10T07:42:53.335Z","level":"info","message":"GET /pending/all 200 642ms","ip":"::1","userId":"0c544294-e96b-4556-a5b2-a9af18dfcdcc","userAgent":"Mozilla/5.0 (Windows NT 10.0; Win64; x64) AppleWebKit/537.36 (KHTML, like Gecko)"}
{"ts":"2026-06-10T07:42:53.579Z","level":"info","message":"GET /pending/all 304 241ms","ip":"::1","userId":"0c544294-e96b-4556-a5b2-a9af18dfcdcc","userAgent":"Mozilla/5.0 (Windows NT 10.0; Win64; x64) AppleWebKit/537.36 (KHTML, like Gecko)"}
{"ts":"2026-06-10T07:45:55.527Z","level":"info","message":"GET / 200 1187ms","ip":"::1","userId":"0c544294-e96b-4556-a5b2-a9af18dfcdcc","userAgent":"Mozilla/5.0 (Windows NT 10.0; Win64; x64) AppleWebKit/537.36 (KHTML, like Gecko)"}
{"ts":"2026-06-10T07:45:56.200Z","level":"info","message":"GET / 304 669ms","ip":"::1","userId":"0c544294-e96b-4556-a5b2-a9af18dfcdcc","userAgent":"Mozilla/5.0 (Windows NT 10.0; Win64; x64) AppleWebKit/537.36 (KHTML, like Gecko)"}
{"ts":"2026-06-10T07:48:58.072Z","level":"info","message":"GET /pending/all 304 1468ms","ip":"::1","userId":"0c544294-e96b-4556-a5b2-a9af18dfcdcc","userAgent":"Mozilla/5.0 (Windows NT 10.0; Win64; x64) AppleWebKit/537.36 (KHTML, like Gecko)"}
{"ts":"2026-06-10T07:48:58.423Z","level":"info","message":"GET /pending/all 304 348ms","ip":"::1","userId":"0c544294-e96b-4556-a5b2-a9af18dfcdcc","userAgent":"Mozilla/5.0 (Windows NT 10.0; Win64; x64) AppleWebKit/537.36 (KHTML, like Gecko)"}
{"ts":"2026-06-10T07:48:59.158Z","level":"info","message":"GET /pending/all 304 334ms","ip":"::1","userId":"0c544294-e96b-4556-a5b2-a9af18dfcdcc","userAgent":"Mozilla/5.0 (Windows NT 10.0; Win64; x64) AppleWebKit/537.36 (KHTML, like Gecko)"}
{"ts":"2026-06-10T07:48:59.427Z","level":"info","message":"GET / 304 601ms","ip":"::1","userId":"0c544294-e96b-4556-a5b2-a9af18dfcdcc","userAgent":"Mozilla/5.0 (Windows NT 10.0; Win64; x64) AppleWebKit/537.36 (KHTML, like Gecko)"}
{"ts":"2026-06-10T07:48:59.469Z","level":"info","message":"GET /pending/all 304 306ms","ip":"::1","userId":"0c544294-e96b-4556-a5b2-a9af18dfcdcc","userAgent":"Mozilla/5.0 (Windows NT 10.0; Win64; x64) AppleWebKit/537.36 (KHTML, like Gecko)"}
{"ts":"2026-06-10T07:48:59.836Z","level":"info","message":"GET / 304 407ms","ip":"::1","userId":"0c544294-e96b-4556-a5b2-a9af18dfcdcc","userAgent":"Mozilla/5.0 (Windows NT 10.0; Win64; x64) AppleWebKit/537.36 (KHTML, like Gecko)"}
{"ts":"2026-06-10T07:49:21.677Z","level":"info","message":"GET /91fdec7b-36a3-431e-8b6d-474c6f9a4da5 200 1000ms","ip":"::1","userId":"0c544294-e96b-4556-a5b2-a9af18dfcdcc","userAgent":"Mozilla/5.0 (Windows NT 10.0; Win64; x64) AppleWebKit/537.36 (KHTML, like Gecko)"}
{"ts":"2026-06-10T07:49:22.129Z","level":"info","message":"GET /91fdec7b-36a3-431e-8b6d-474c6f9a4da5 304 450ms","ip":"::1","userId":"0c544294-e96b-4556-a5b2-a9af18dfcdcc","userAgent":"Mozilla/5.0 (Windows NT 10.0; Win64; x64) AppleWebKit/537.36 (KHTML, like Gecko)"}
{"ts":"2026-06-10T07:50:21.576Z","level":"info","message":"GET / 304 1343ms","ip":"::1","userId":"0c544294-e96b-4556-a5b2-a9af18dfcdcc","userAgent":"Mozilla/5.0 (Windows NT 10.0; Win64; x64) AppleWebKit/537.36 (KHTML, like Gecko)"}
{"ts":"2026-06-10T07:50:21.999Z","level":"info","message":"GET / 304 421ms","ip":"::1","userId":"0c544294-e96b-4556-a5b2-a9af18dfcdcc","userAgent":"Mozilla/5.0 (Windows NT 10.0; Win64; x64) AppleWebKit/537.36 (KHTML, like Gecko)"}
{"ts":"2026-06-10T07:50:22.349Z","level":"info","message":"GET / 304 2118ms","ip":"::1","userId":"0c544294-e96b-4556-a5b2-a9af18dfcdcc","userAgent":"Mozilla/5.0 (Windows NT 10.0; Win64; x64) AppleWebKit/537.36 (KHTML, like Gecko)"}
{"ts":"2026-06-10T07:50:22.720Z","level":"info","message":"GET / 304 366ms","ip":"::1","userId":"0c544294-e96b-4556-a5b2-a9af18dfcdcc","userAgent":"Mozilla/5.0 (Windows NT 10.0; Win64; x64) AppleWebKit/537.36 (KHTML, like Gecko)"}
{"ts":"2026-06-10T07:50:24.167Z","level":"info","message":"GET /pending/all 304 281ms","ip":"::1","userId":"0c544294-e96b-4556-a5b2-a9af18dfcdcc","userAgent":"Mozilla/5.0 (Windows NT 10.0; Win64; x64) AppleWebKit/537.36 (KHTML, like Gecko)"}
{"ts":"2026-06-10T07:50:24.389Z","level":"info","message":"GET /pending/all 304 219ms","ip":"::1","userId":"0c544294-e96b-4556-a5b2-a9af18dfcdcc","userAgent":"Mozilla/5.0 (Windows NT 10.0; Win64; x64) AppleWebKit/537.36 (KHTML, like Gecko)"}
{"ts":"2026-06-10T07:50:24.505Z","level":"info","message":"GET / 200 620ms","ip":"::1","userId":"0c544294-e96b-4556-a5b2-a9af18dfcdcc","userAgent":"Mozilla/5.0 (Windows NT 10.0; Win64; x64) AppleWebKit/537.36 (KHTML, like Gecko)"}
{"ts":"2026-06-10T07:50:24.510Z","level":"info","message":"GET /visits 200 612ms","ip":"::1","userId":"0c544294-e96b-4556-a5b2-a9af18dfcdcc","userAgent":"Mozilla/5.0 (Windows NT 10.0; Win64; x64) AppleWebKit/537.36 (KHTML, like Gecko)"}
{"ts":"2026-06-10T07:50:24.643Z","level":"info","message":"GET /visits 304 130ms","ip":"::1","userId":"0c544294-e96b-4556-a5b2-a9af18dfcdcc","userAgent":"Mozilla/5.0 (Windows NT 10.0; Win64; x64) AppleWebKit/537.36 (KHTML, like Gecko)"}
{"ts":"2026-06-10T07:50:25.037Z","level":"info","message":"GET /profit 200 1149ms","ip":"::1","userId":"0c544294-e96b-4556-a5b2-a9af18dfcdcc","userAgent":"Mozilla/5.0 (Windows NT 10.0; Win64; x64) AppleWebKit/537.36 (KHTML, like Gecko)"}
{"ts":"2026-06-10T07:50:25.616Z","level":"info","message":"GET /stats 200 1744ms","ip":"::1","userId":"0c544294-e96b-4556-a5b2-a9af18dfcdcc","userAgent":"Mozilla/5.0 (Windows NT 10.0; Win64; x64) AppleWebKit/537.36 (KHTML, like Gecko)"}
{"ts":"2026-06-10T07:50:25.844Z","level":"info","message":"GET /stats 304 226ms","ip":"::1","userId":"0c544294-e96b-4556-a5b2-a9af18dfcdcc","userAgent":"Mozilla/5.0 (Windows NT 10.0; Win64; x64) AppleWebKit/537.36 (KHTML, like Gecko)"}
{"ts":"2026-06-10T07:50:25.928Z","level":"info","message":"GET /profit 304 889ms","ip":"::1","userId":"0c544294-e96b-4556-a5b2-a9af18dfcdcc","userAgent":"Mozilla/5.0 (Windows NT 10.0; Win64; x64) AppleWebKit/537.36 (KHTML, like Gecko)"}
{"ts":"2026-06-10T07:50:26.299Z","level":"info","message":"GET / 304 1787ms","ip":"::1","userId":"0c544294-e96b-4556-a5b2-a9af18dfcdcc","userAgent":"Mozilla/5.0 (Windows NT 10.0; Win64; x64) AppleWebKit/537.36 (KHTML, like Gecko)"}
{"ts":"2026-06-10T07:50:38.550Z","level":"info","message":"GET /profit 200 420ms","ip":"::1","userId":"0c544294-e96b-4556-a5b2-a9af18dfcdcc","userAgent":"Mozilla/5.0 (Windows NT 10.0; Win64; x64) AppleWebKit/537.36 (KHTML, like Gecko)"}
{"ts":"2026-06-10T07:50:43.611Z","level":"info","message":"GET /profit 200 6843ms","ip":"::1","userId":"0c544294-e96b-4556-a5b2-a9af18dfcdcc","userAgent":"Mozilla/5.0 (Windows NT 10.0; Win64; x64) AppleWebKit/537.36 (KHTML, like Gecko)"}
{"ts":"2026-06-10T07:50:51.943Z","level":"info","message":"GET /profit 304 1998ms","ip":"::1","userId":"0c544294-e96b-4556-a5b2-a9af18dfcdcc","userAgent":"Mozilla/5.0 (Windows NT 10.0; Win64; x64) AppleWebKit/537.36 (KHTML, like Gecko)"}
{"ts":"2026-06-10T07:51:59.712Z","level":"info","message":"GET / 304 708ms","ip":"::1","userId":"0c544294-e96b-4556-a5b2-a9af18dfcdcc","userAgent":"Mozilla/5.0 (Windows NT 10.0; Win64; x64) AppleWebKit/537.36 (KHTML, like Gecko)"}
{"ts":"2026-06-10T07:51:59.764Z","level":"info","message":"GET / 304 757ms","ip":"::1","userId":"0c544294-e96b-4556-a5b2-a9af18dfcdcc","userAgent":"Mozilla/5.0 (Windows NT 10.0; Win64; x64) AppleWebKit/537.36 (KHTML, like Gecko)"}
{"ts":"2026-06-10T07:52:00.029Z","level":"info","message":"GET / 304 259ms","ip":"::1","userId":"0c544294-e96b-4556-a5b2-a9af18dfcdcc","userAgent":"Mozilla/5.0 (Windows NT 10.0; Win64; x64) AppleWebKit/537.36 (KHTML, like Gecko)"}
{"ts":"2026-06-10T07:52:00.197Z","level":"info","message":"GET / 304 483ms","ip":"::1","userId":"0c544294-e96b-4556-a5b2-a9af18dfcdcc","userAgent":"Mozilla/5.0 (Windows NT 10.0; Win64; x64) AppleWebKit/537.36 (KHTML, like Gecko)"}
{"ts":"2026-06-10T07:52:02.195Z","level":"info","message":"GET /pending/all 304 290ms","ip":"::1","userId":"0c544294-e96b-4556-a5b2-a9af18dfcdcc","userAgent":"Mozilla/5.0 (Windows NT 10.0; Win64; x64) AppleWebKit/537.36 (KHTML, like Gecko)"}
{"ts":"2026-06-10T07:52:02.671Z","level":"info","message":"GET /pending/all 304 472ms","ip":"::1","userId":"0c544294-e96b-4556-a5b2-a9af18dfcdcc","userAgent":"Mozilla/5.0 (Windows NT 10.0; Win64; x64) AppleWebKit/537.36 (KHTML, like Gecko)"}
{"ts":"2026-06-10T07:52:02.974Z","level":"info","message":"GET / 304 1070ms","ip":"::1","userId":"0c544294-e96b-4556-a5b2-a9af18dfcdcc","userAgent":"Mozilla/5.0 (Windows NT 10.0; Win64; x64) AppleWebKit/537.36 (KHTML, like Gecko)"}
{"ts":"2026-06-10T07:52:03.173Z","level":"info","message":"GET / 304 195ms","ip":"::1","userId":"0c544294-e96b-4556-a5b2-a9af18dfcdcc","userAgent":"Mozilla/5.0 (Windows NT 10.0; Win64; x64) AppleWebKit/537.36 (KHTML, like Gecko)"}
{"ts":"2026-06-10T07:52:04.860Z","level":"info","message":"GET / 304 200ms","ip":"::1","userId":"0c544294-e96b-4556-a5b2-a9af18dfcdcc","userAgent":"Mozilla/5.0 (Windows NT 10.0; Win64; x64) AppleWebKit/537.36 (KHTML, like Gecko)"}
{"ts":"2026-06-10T07:52:05.058Z","level":"info","message":"GET / 304 195ms","ip":"::1","userId":"0c544294-e96b-4556-a5b2-a9af18dfcdcc","userAgent":"Mozilla/5.0 (Windows NT 10.0; Win64; x64) AppleWebKit/537.36 (KHTML, like Gecko)"}
{"ts":"2026-06-10T07:52:06.243Z","level":"info","message":"GET /pending/all 304 283ms","ip":"::1","userId":"0c544294-e96b-4556-a5b2-a9af18dfcdcc","userAgent":"Mozilla/5.0 (Windows NT 10.0; Win64; x64) AppleWebKit/537.36 (KHTML, like Gecko)"}
{"ts":"2026-06-10T07:52:06.497Z","level":"info","message":"GET /pending/all 304 252ms","ip":"::1","userId":"0c544294-e96b-4556-a5b2-a9af18dfcdcc","userAgent":"Mozilla/5.0 (Windows NT 10.0; Win64; x64) AppleWebKit/537.36 (KHTML, like Gecko)"}
{"ts":"2026-06-10T07:52:16.309Z","level":"info","message":"GET / 304 562ms","ip":"::1","userId":"0c544294-e96b-4556-a5b2-a9af18dfcdcc","userAgent":"Mozilla/5.0 (Windows NT 10.0; Win64; x64) AppleWebKit/537.36 (KHTML, like Gecko)"}
{"ts":"2026-06-10T07:52:16.520Z","level":"info","message":"GET / 304 207ms","ip":"::1","userId":"0c544294-e96b-4556-a5b2-a9af18dfcdcc","userAgent":"Mozilla/5.0 (Windows NT 10.0; Win64; x64) AppleWebKit/537.36 (KHTML, like Gecko)"}
{"ts":"2026-06-10T07:52:19.033Z","level":"info","message":"GET / 304 203ms","ip":"::1","userId":"0c544294-e96b-4556-a5b2-a9af18dfcdcc","userAgent":"Mozilla/5.0 (Windows NT 10.0; Win64; x64) AppleWebKit/537.36 (KHTML, like Gecko)"}
{"ts":"2026-06-10T07:52:19.241Z","level":"info","message":"GET / 304 205ms","ip":"::1","userId":"0c544294-e96b-4556-a5b2-a9af18dfcdcc","userAgent":"Mozilla/5.0 (Windows NT 10.0; Win64; x64) AppleWebKit/537.36 (KHTML, like Gecko)"}
{"ts":"2026-06-10T07:52:19.500Z","level":"info","message":"GET /pending/all 304 669ms","ip":"::1","userId":"0c544294-e96b-4556-a5b2-a9af18dfcdcc","userAgent":"Mozilla/5.0 (Windows NT 10.0; Win64; x64) AppleWebKit/537.36 (KHTML, like Gecko)"}
{"ts":"2026-06-10T07:52:19.790Z","level":"info","message":"GET /pending/all 304 287ms","ip":"::1","userId":"0c544294-e96b-4556-a5b2-a9af18dfcdcc","userAgent":"Mozilla/5.0 (Windows NT 10.0; Win64; x64) AppleWebKit/537.36 (KHTML, like Gecko)"}
{"ts":"2026-06-10T07:52:27.285Z","level":"info","message":"GET /pending/all 304 1379ms","ip":"::1","userId":"0c544294-e96b-4556-a5b2-a9af18dfcdcc","userAgent":"Mozilla/5.0 (Windows NT 10.0; Win64; x64) AppleWebKit/537.36 (KHTML, like Gecko)"}
{"ts":"2026-06-10T07:52:27.486Z","level":"info","message":"GET /pending/all 304 198ms","ip":"::1","userId":"0c544294-e96b-4556-a5b2-a9af18dfcdcc","userAgent":"Mozilla/5.0 (Windows NT 10.0; Win64; x64) AppleWebKit/537.36 (KHTML, like Gecko)"}
{"ts":"2026-06-10T07:52:52.787Z","level":"info","message":"GET /visits 304 472ms","ip":"::1","userId":"0c544294-e96b-4556-a5b2-a9af18dfcdcc","userAgent":"Mozilla/5.0 (Windows NT 10.0; Win64; x64) AppleWebKit/537.36 (KHTML, like Gecko)"}
{"ts":"2026-06-10T07:52:52.791Z","level":"info","message":"GET /profit 304 480ms","ip":"::1","userId":"0c544294-e96b-4556-a5b2-a9af18dfcdcc","userAgent":"Mozilla/5.0 (Windows NT 10.0; Win64; x64) AppleWebKit/537.36 (KHTML, like Gecko)"}
{"ts":"2026-06-10T07:52:52.872Z","level":"info","message":"GET /pending/all 304 565ms","ip":"::1","userId":"0c544294-e96b-4556-a5b2-a9af18dfcdcc","userAgent":"Mozilla/5.0 (Windows NT 10.0; Win64; x64) AppleWebKit/537.36 (KHTML, like Gecko)"}
{"ts":"2026-06-10T07:52:52.893Z","level":"info","message":"GET /visits 304 102ms","ip":"::1","userId":"0c544294-e96b-4556-a5b2-a9af18dfcdcc","userAgent":"Mozilla/5.0 (Windows NT 10.0; Win64; x64) AppleWebKit/537.36 (KHTML, like Gecko)"}
{"ts":"2026-06-10T07:52:52.990Z","level":"info","message":"GET /pending/all 304 115ms","ip":"::1","userId":"0c544294-e96b-4556-a5b2-a9af18dfcdcc","userAgent":"Mozilla/5.0 (Windows NT 10.0; Win64; x64) AppleWebKit/537.36 (KHTML, like Gecko)"}
{"ts":"2026-06-10T07:52:53.050Z","level":"info","message":"GET /profit 304 257ms","ip":"::1","userId":"0c544294-e96b-4556-a5b2-a9af18dfcdcc","userAgent":"Mozilla/5.0 (Windows NT 10.0; Win64; x64) AppleWebKit/537.36 (KHTML, like Gecko)"}
{"ts":"2026-06-10T07:52:53.178Z","level":"info","message":"GET / 304 873ms","ip":"::1","userId":"0c544294-e96b-4556-a5b2-a9af18dfcdcc","userAgent":"Mozilla/5.0 (Windows NT 10.0; Win64; x64) AppleWebKit/537.36 (KHTML, like Gecko)"}
{"ts":"2026-06-10T07:52:53.280Z","level":"info","message":"GET / 304 101ms","ip":"::1","userId":"0c544294-e96b-4556-a5b2-a9af18dfcdcc","userAgent":"Mozilla/5.0 (Windows NT 10.0; Win64; x64) AppleWebKit/537.36 (KHTML, like Gecko)"}
{"ts":"2026-06-10T07:52:53.541Z","level":"info","message":"GET /stats 304 1239ms","ip":"::1","userId":"0c544294-e96b-4556-a5b2-a9af18dfcdcc","userAgent":"Mozilla/5.0 (Windows NT 10.0; Win64; x64) AppleWebKit/537.36 (KHTML, like Gecko)"}
{"ts":"2026-06-10T07:52:54.035Z","level":"info","message":"GET /stats 304 493ms","ip":"::1","userId":"0c544294-e96b-4556-a5b2-a9af18dfcdcc","userAgent":"Mozilla/5.0 (Windows NT 10.0; Win64; x64) AppleWebKit/537.36 (KHTML, like Gecko)"}
{"ts":"2026-06-10T08:51:26.019Z","level":"info","message":"Backup scheduled: 0 2 * * *"}
{"ts":"2026-06-10T08:51:26.021Z","level":"info","message":"🚀 POS Server running on port 3001"}
{"ts":"2026-06-10T08:51:26.022Z","level":"info","message":"   Environment: development"}
{"ts":"2026-06-10T08:51:26.022Z","level":"info","message":"   Client URL:  http://localhost:5173"}
{"ts":"2026-06-10T08:51:27.356Z","level":"info","message":"Backup scheduled: 0 2 * * *"}
{"ts":"2026-06-10T08:51:27.359Z","level":"info","message":"🚀 POS Server running on port 3001"}
{"ts":"2026-06-10T08:51:27.359Z","level":"info","message":"   Environment: development"}
{"ts":"2026-06-10T08:51:27.359Z","level":"info","message":"   Client URL:  http://localhost:5173"}
{"ts":"2026-06-10T09:07:58.464Z","level":"warn","message":"GET /api/reports/top_products 404 13ms","ip":"::1","userAgent":"Mozilla/5.0 (Windows NT 10.0; Win64; x64) AppleWebKit/537.36 (KHTML, like Gecko)"}
{"ts":"2026-06-10T09:07:58.533Z","level":"warn","message":"GET /api/reports/top_products 404 1ms","ip":"::1","userAgent":"Mozilla/5.0 (Windows NT 10.0; Win64; x64) AppleWebKit/537.36 (KHTML, like Gecko)"}
{"ts":"2026-06-10T09:07:58.538Z","level":"warn","message":"GET /api/reports/summary 404 1ms","ip":"::1","userAgent":"Mozilla/5.0 (Windows NT 10.0; Win64; x64) AppleWebKit/537.36 (KHTML, like Gecko)"}
{"ts":"2026-06-10T09:07:58.543Z","level":"warn","message":"GET /api/reports/summary 404 0ms","ip":"::1","userAgent":"Mozilla/5.0 (Windows NT 10.0; Win64; x64) AppleWebKit/537.36 (KHTML, like Gecko)"}
{"ts":"2026-06-10T09:08:02.963Z","level":"info","message":"GET /profit 304 4438ms","ip":"::1","userId":"0c544294-e96b-4556-a5b2-a9af18dfcdcc","userAgent":"Mozilla/5.0 (Windows NT 10.0; Win64; x64) AppleWebKit/537.36 (KHTML, like Gecko)"}
{"ts":"2026-06-10T09:08:02.997Z","level":"info","message":"GET /profit 304 4528ms","ip":"::1","userId":"0c544294-e96b-4556-a5b2-a9af18dfcdcc","userAgent":"Mozilla/5.0 (Windows NT 10.0; Win64; x64) AppleWebKit/537.36 (KHTML, like Gecko)"}
{"ts":"2026-06-10T09:08:03.182Z","level":"info","message":"GET /pending/all 304 3911ms","ip":"::1","userId":"0c544294-e96b-4556-a5b2-a9af18dfcdcc","userAgent":"Mozilla/5.0 (Windows NT 10.0; Win64; x64) AppleWebKit/537.36 (KHTML, like Gecko)"}
{"ts":"2026-06-10T09:08:03.400Z","level":"info","message":"GET /profit 304 435ms","ip":"::1","userId":"0c544294-e96b-4556-a5b2-a9af18dfcdcc","userAgent":"Mozilla/5.0 (Windows NT 10.0; Win64; x64) AppleWebKit/537.36 (KHTML, like Gecko)"}
{"ts":"2026-06-10T09:08:03.464Z","level":"info","message":"GET /profit 304 463ms","ip":"::1","userId":"0c544294-e96b-4556-a5b2-a9af18dfcdcc","userAgent":"Mozilla/5.0 (Windows NT 10.0; Win64; x64) AppleWebKit/537.36 (KHTML, like Gecko)"}
{"ts":"2026-06-10T09:08:03.486Z","level":"info","message":"GET /pending/all 304 299ms","ip":"::1","userId":"0c544294-e96b-4556-a5b2-a9af18dfcdcc","userAgent":"Mozilla/5.0 (Windows NT 10.0; Win64; x64) AppleWebKit/537.36 (KHTML, like Gecko)"}
{"ts":"2026-06-10T09:08:25.595Z","level":"info","message":"GET / 304 922ms","ip":"::1","userId":"0c544294-e96b-4556-a5b2-a9af18dfcdcc","userAgent":"Mozilla/5.0 (Windows NT 10.0; Win64; x64) AppleWebKit/537.36 (KHTML, like Gecko)"}
{"ts":"2026-06-10T09:08:25.789Z","level":"info","message":"GET / 304 193ms","ip":"::1","userId":"0c544294-e96b-4556-a5b2-a9af18dfcdcc","userAgent":"Mozilla/5.0 (Windows NT 10.0; Win64; x64) AppleWebKit/537.36 (KHTML, like Gecko)"}
{"ts":"2026-06-10T09:08:27.513Z","level":"info","message":"GET /pending/all 304 258ms","ip":"::1","userId":"0c544294-e96b-4556-a5b2-a9af18dfcdcc","userAgent":"Mozilla/5.0 (Windows NT 10.0; Win64; x64) AppleWebKit/537.36 (KHTML, like Gecko)"}
{"ts":"2026-06-10T09:08:27.768Z","level":"info","message":"GET /pending/all 304 252ms","ip":"::1","userId":"0c544294-e96b-4556-a5b2-a9af18dfcdcc","userAgent":"Mozilla/5.0 (Windows NT 10.0; Win64; x64) AppleWebKit/537.36 (KHTML, like Gecko)"}
{"ts":"2026-06-10T09:08:28.436Z","level":"info","message":"GET /pending/all 304 228ms","ip":"::1","userId":"0c544294-e96b-4556-a5b2-a9af18dfcdcc","userAgent":"Mozilla/5.0 (Windows NT 10.0; Win64; x64) AppleWebKit/537.36 (KHTML, like Gecko)"}
{"ts":"2026-06-10T09:08:28.676Z","level":"info","message":"GET /pending/all 304 237ms","ip":"::1","userId":"0c544294-e96b-4556-a5b2-a9af18dfcdcc","userAgent":"Mozilla/5.0 (Windows NT 10.0; Win64; x64) AppleWebKit/537.36 (KHTML, like Gecko)"}
{"ts":"2026-06-10T09:08:28.758Z","level":"info","message":"GET / 304 549ms","ip":"::1","userId":"0c544294-e96b-4556-a5b2-a9af18dfcdcc","userAgent":"Mozilla/5.0 (Windows NT 10.0; Win64; x64) AppleWebKit/537.36 (KHTML, like Gecko)"}
{"ts":"2026-06-10T09:08:28.959Z","level":"info","message":"GET / 304 200ms","ip":"::1","userId":"0c544294-e96b-4556-a5b2-a9af18dfcdcc","userAgent":"Mozilla/5.0 (Windows NT 10.0; Win64; x64) AppleWebKit/537.36 (KHTML, like Gecko)"}
{"ts":"2026-06-10T09:08:29.111Z","level":"info","message":"GET / 304 203ms","ip":"::1","userId":"0c544294-e96b-4556-a5b2-a9af18dfcdcc","userAgent":"Mozilla/5.0 (Windows NT 10.0; Win64; x64) AppleWebKit/537.36 (KHTML, like Gecko)"}
{"ts":"2026-06-10T09:08:29.162Z","level":"info","message":"GET / 304 202ms","ip":"::1","userId":"0c544294-e96b-4556-a5b2-a9af18dfcdcc","userAgent":"Mozilla/5.0 (Windows NT 10.0; Win64; x64) AppleWebKit/537.36 (KHTML, like Gecko)"}
{"ts":"2026-06-10T09:08:29.309Z","level":"info","message":"GET / 304 197ms","ip":"::1","userId":"0c544294-e96b-4556-a5b2-a9af18dfcdcc","userAgent":"Mozilla/5.0 (Windows NT 10.0; Win64; x64) AppleWebKit/537.36 (KHTML, like Gecko)"}
{"ts":"2026-06-10T09:08:29.361Z","level":"info","message":"GET / 304 198ms","ip":"::1","userId":"0c544294-e96b-4556-a5b2-a9af18dfcdcc","userAgent":"Mozilla/5.0 (Windows NT 10.0; Win64; x64) AppleWebKit/537.36 (KHTML, like Gecko)"}
{"ts":"2026-06-10T09:08:29.712Z","level":"info","message":"GET / 304 258ms","ip":"::1","userId":"0c544294-e96b-4556-a5b2-a9af18dfcdcc","userAgent":"Mozilla/5.0 (Windows NT 10.0; Win64; x64) AppleWebKit/537.36 (KHTML, like Gecko)"}
{"ts":"2026-06-10T09:08:29.741Z","level":"info","message":"GET /visits 304 282ms","ip":"::1","userId":"0c544294-e96b-4556-a5b2-a9af18dfcdcc","userAgent":"Mozilla/5.0 (Windows NT 10.0; Win64; x64) AppleWebKit/537.36 (KHTML, like Gecko)"}
{"ts":"2026-06-10T09:08:29.768Z","level":"info","message":"GET /stats 304 330ms","ip":"::1","userId":"0c544294-e96b-4556-a5b2-a9af18dfcdcc","userAgent":"Mozilla/5.0 (Windows NT 10.0; Win64; x64) AppleWebKit/537.36 (KHTML, like Gecko)"}
{"ts":"2026-06-10T09:08:29.892Z","level":"info","message":"GET / 304 179ms","ip":"::1","userId":"0c544294-e96b-4556-a5b2-a9af18dfcdcc","userAgent":"Mozilla/5.0 (Windows NT 10.0; Win64; x64) AppleWebKit/537.36 (KHTML, like Gecko)"}
{"ts":"2026-06-10T09:08:29.920Z","level":"info","message":"GET /visits 304 178ms","ip":"::1","userId":"0c544294-e96b-4556-a5b2-a9af18dfcdcc","userAgent":"Mozilla/5.0 (Windows NT 10.0; Win64; x64) AppleWebKit/537.36 (KHTML, like Gecko)"}
{"ts":"2026-06-10T09:08:29.964Z","level":"info","message":"GET /profit 304 531ms","ip":"::1","userId":"0c544294-e96b-4556-a5b2-a9af18dfcdcc","userAgent":"Mozilla/5.0 (Windows NT 10.0; Win64; x64) AppleWebKit/537.36 (KHTML, like Gecko)"}
{"ts":"2026-06-10T09:08:29.987Z","level":"info","message":"GET /pending/all 304 538ms","ip":"::1","userId":"0c544294-e96b-4556-a5b2-a9af18dfcdcc","userAgent":"Mozilla/5.0 (Windows NT 10.0; Win64; x64) AppleWebKit/537.36 (KHTML, like Gecko)"}
{"ts":"2026-06-10T09:08:30.090Z","level":"info","message":"GET /pending/all 304 100ms","ip":"::1","userId":"0c544294-e96b-4556-a5b2-a9af18dfcdcc","userAgent":"Mozilla/5.0 (Windows NT 10.0; Win64; x64) AppleWebKit/537.36 (KHTML, like Gecko)"}
{"ts":"2026-06-10T09:08:30.103Z","level":"info","message":"GET /stats 304 333ms","ip":"::1","userId":"0c544294-e96b-4556-a5b2-a9af18dfcdcc","userAgent":"Mozilla/5.0 (Windows NT 10.0; Win64; x64) AppleWebKit/537.36 (KHTML, like Gecko)"}
{"ts":"2026-06-10T09:08:30.160Z","level":"info","message":"GET /profit 304 194ms","ip":"::1","userId":"0c544294-e96b-4556-a5b2-a9af18dfcdcc","userAgent":"Mozilla/5.0 (Windows NT 10.0; Win64; x64) AppleWebKit/537.36 (KHTML, like Gecko)"}
{"ts":"2026-06-10T09:08:50.990Z","level":"info","message":"GET / 304 439ms","ip":"::1","userId":"0c544294-e96b-4556-a5b2-a9af18dfcdcc","userAgent":"Mozilla/5.0 (Windows NT 10.0; Win64; x64) AppleWebKit/537.36 (KHTML, like Gecko)"}
{"ts":"2026-06-10T09:08:51.000Z","level":"info","message":"GET / 304 881ms","ip":"::1","userId":"0c544294-e96b-4556-a5b2-a9af18dfcdcc","userAgent":"Mozilla/5.0 (Windows NT 10.0; Win64; x64) AppleWebKit/537.36 (KHTML, like Gecko)"}
{"ts":"2026-06-10T09:08:51.007Z","level":"info","message":"GET /pending/all 304 455ms","ip":"::1","userId":"0c544294-e96b-4556-a5b2-a9af18dfcdcc","userAgent":"Mozilla/5.0 (Windows NT 10.0; Win64; x64) AppleWebKit/537.36 (KHTML, like Gecko)"}
{"ts":"2026-06-10T09:08:51.216Z","level":"info","message":"GET / 304 224ms","ip":"::1","userId":"0c544294-e96b-4556-a5b2-a9af18dfcdcc","userAgent":"Mozilla/5.0 (Windows NT 10.0; Win64; x64) AppleWebKit/537.36 (KHTML, like Gecko)"}
{"ts":"2026-06-10T09:08:51.280Z","level":"info","message":"GET /pending/all 304 268ms","ip":"::1","userId":"0c544294-e96b-4556-a5b2-a9af18dfcdcc","userAgent":"Mozilla/5.0 (Windows NT 10.0; Win64; x64) AppleWebKit/537.36 (KHTML, like Gecko)"}
{"ts":"2026-06-10T09:08:51.422Z","level":"info","message":"GET / 304 204ms","ip":"::1","userId":"0c544294-e96b-4556-a5b2-a9af18dfcdcc","userAgent":"Mozilla/5.0 (Windows NT 10.0; Win64; x64) AppleWebKit/537.36 (KHTML, like Gecko)"}
{"ts":"2026-06-10T09:08:51.506Z","level":"info","message":"GET / 304 503ms","ip":"::1","userId":"0c544294-e96b-4556-a5b2-a9af18dfcdcc","userAgent":"Mozilla/5.0 (Windows NT 10.0; Win64; x64) AppleWebKit/537.36 (KHTML, like Gecko)"}
{"ts":"2026-06-10T09:08:51.618Z","level":"info","message":"GET / 304 193ms","ip":"::1","userId":"0c544294-e96b-4556-a5b2-a9af18dfcdcc","userAgent":"Mozilla/5.0 (Windows NT 10.0; Win64; x64) AppleWebKit/537.36 (KHTML, like Gecko)"}
{"ts":"2026-06-10T09:08:51.708Z","level":"info","message":"GET / 304 201ms","ip":"::1","userId":"0c544294-e96b-4556-a5b2-a9af18dfcdcc","userAgent":"Mozilla/5.0 (Windows NT 10.0; Win64; x64) AppleWebKit/537.36 (KHTML, like Gecko)"}
{"ts":"2026-06-10T09:08:51.936Z","level":"info","message":"GET /pending/all 304 270ms","ip":"::1","userId":"0c544294-e96b-4556-a5b2-a9af18dfcdcc","userAgent":"Mozilla/5.0 (Windows NT 10.0; Win64; x64) AppleWebKit/537.36 (KHTML, like Gecko)"}
{"ts":"2026-06-10T09:08:51.939Z","level":"info","message":"GET / 304 230ms","ip":"::1","userId":"0c544294-e96b-4556-a5b2-a9af18dfcdcc","userAgent":"Mozilla/5.0 (Windows NT 10.0; Win64; x64) AppleWebKit/537.36 (KHTML, like Gecko)"}
{"ts":"2026-06-10T09:08:52.044Z","level":"info","message":"GET / 304 369ms","ip":"::1","userId":"0c544294-e96b-4556-a5b2-a9af18dfcdcc","userAgent":"Mozilla/5.0 (Windows NT 10.0; Win64; x64) AppleWebKit/537.36 (KHTML, like Gecko)"}
{"ts":"2026-06-10T09:08:52.139Z","level":"info","message":"GET /pending/all 304 202ms","ip":"::1","userId":"0c544294-e96b-4556-a5b2-a9af18dfcdcc","userAgent":"Mozilla/5.0 (Windows NT 10.0; Win64; x64) AppleWebKit/537.36 (KHTML, like Gecko)"}
{"ts":"2026-06-10T09:08:52.217Z","level":"info","message":"GET /stats 304 549ms","ip":"::1","userId":"0c544294-e96b-4556-a5b2-a9af18dfcdcc","userAgent":"Mozilla/5.0 (Windows NT 10.0; Win64; x64) AppleWebKit/537.36 (KHTML, like Gecko)"}
{"ts":"2026-06-10T09:08:52.287Z","level":"info","message":"GET /visits 304 596ms","ip":"::1","userId":"0c544294-e96b-4556-a5b2-a9af18dfcdcc","userAgent":"Mozilla/5.0 (Windows NT 10.0; Win64; x64) AppleWebKit/537.36 (KHTML, like Gecko)"}
{"ts":"2026-06-10T09:08:52.290Z","level":"info","message":"GET / 304 243ms","ip":"::1","userId":"0c544294-e96b-4556-a5b2-a9af18dfcdcc","userAgent":"Mozilla/5.0 (Windows NT 10.0; Win64; x64) AppleWebKit/537.36 (KHTML, like Gecko)"}
{"ts":"2026-06-10T09:08:52.298Z","level":"info","message":"GET /profit 304 614ms","ip":"::1","userId":"0c544294-e96b-4556-a5b2-a9af18dfcdcc","userAgent":"Mozilla/5.0 (Windows NT 10.0; Win64; x64) AppleWebKit/537.36 (KHTML, like Gecko)"}
{"ts":"2026-06-10T09:08:52.451Z","level":"info","message":"GET /stats 304 231ms","ip":"::1","userId":"0c544294-e96b-4556-a5b2-a9af18dfcdcc","userAgent":"Mozilla/5.0 (Windows NT 10.0; Win64; x64) AppleWebKit/537.36 (KHTML, like Gecko)"}
{"ts":"2026-06-10T09:08:52.476Z","level":"info","message":"GET /visits 304 185ms","ip":"::1","userId":"0c544294-e96b-4556-a5b2-a9af18dfcdcc","userAgent":"Mozilla/5.0 (Windows NT 10.0; Win64; x64) AppleWebKit/537.36 (KHTML, like Gecko)"}
{"ts":"2026-06-10T09:08:52.493Z","level":"info","message":"GET /profit 304 186ms","ip":"::1","userId":"0c544294-e96b-4556-a5b2-a9af18dfcdcc","userAgent":"Mozilla/5.0 (Windows NT 10.0; Win64; x64) AppleWebKit/537.36 (KHTML, like Gecko)"}
{"ts":"2026-06-10T09:09:44.735Z","level":"info","message":"GET /pending/all 304 535ms","ip":"::1","userId":"0c544294-e96b-4556-a5b2-a9af18dfcdcc","userAgent":"Mozilla/5.0 (Windows NT 10.0; Win64; x64) AppleWebKit/537.36 (KHTML, like Gecko)"}
{"ts":"2026-06-10T09:09:44.958Z","level":"info","message":"GET /pending/all 304 222ms","ip":"::1","userId":"0c544294-e96b-4556-a5b2-a9af18dfcdcc","userAgent":"Mozilla/5.0 (Windows NT 10.0; Win64; x64) AppleWebKit/537.36 (KHTML, like Gecko)"}
{"ts":"2026-06-10T09:09:46.748Z","level":"info","message":"GET / 304 207ms","ip":"::1","userId":"0c544294-e96b-4556-a5b2-a9af18dfcdcc","userAgent":"Mozilla/5.0 (Windows NT 10.0; Win64; x64) AppleWebKit/537.36 (KHTML, like Gecko)"}
{"ts":"2026-06-10T09:09:46.875Z","level":"info","message":"GET /pending/all 304 332ms","ip":"::1","userId":"0c544294-e96b-4556-a5b2-a9af18dfcdcc","userAgent":"Mozilla/5.0 (Windows NT 10.0; Win64; x64) AppleWebKit/537.36 (KHTML, like Gecko)"}
{"ts":"2026-06-10T09:09:46.954Z","level":"info","message":"GET / 304 204ms","ip":"::1","userId":"0c544294-e96b-4556-a5b2-a9af18dfcdcc","userAgent":"Mozilla/5.0 (Windows NT 10.0; Win64; x64) AppleWebKit/537.36 (KHTML, like Gecko)"}
{"ts":"2026-06-10T09:09:47.089Z","level":"info","message":"GET /pending/all 304 212ms","ip":"::1","userId":"0c544294-e96b-4556-a5b2-a9af18dfcdcc","userAgent":"Mozilla/5.0 (Windows NT 10.0; Win64; x64) AppleWebKit/537.36 (KHTML, like Gecko)"}
{"ts":"2026-06-10T09:11:05.043Z","level":"info","message":"GET /pending/all 304 1144ms","ip":"::1","userId":"0c544294-e96b-4556-a5b2-a9af18dfcdcc","userAgent":"Mozilla/5.0 (Windows NT 10.0; Win64; x64) AppleWebKit/537.36 (KHTML, like Gecko)"}
{"ts":"2026-06-10T09:11:05.102Z","level":"info","message":"GET /stats 304 1213ms","ip":"::1","userId":"0c544294-e96b-4556-a5b2-a9af18dfcdcc","userAgent":"Mozilla/5.0 (Windows NT 10.0; Win64; x64) AppleWebKit/537.36 (KHTML, like Gecko)"}
{"ts":"2026-06-10T09:11:05.142Z","level":"info","message":"GET /profit 304 1240ms","ip":"::1","userId":"0c544294-e96b-4556-a5b2-a9af18dfcdcc","userAgent":"Mozilla/5.0 (Windows NT 10.0; Win64; x64) AppleWebKit/537.36 (KHTML, like Gecko)"}
{"ts":"2026-06-10T09:11:05.153Z","level":"info","message":"GET /visits 304 1249ms","ip":"::1","userId":"0c544294-e96b-4556-a5b2-a9af18dfcdcc","userAgent":"Mozilla/5.0 (Windows NT 10.0; Win64; x64) AppleWebKit/537.36 (KHTML, like Gecko)"}
{"ts":"2026-06-10T09:11:05.159Z","level":"info","message":"GET / 304 1262ms","ip":"::1","userId":"0c544294-e96b-4556-a5b2-a9af18dfcdcc","userAgent":"Mozilla/5.0 (Windows NT 10.0; Win64; x64) AppleWebKit/537.36 (KHTML, like Gecko)"}
{"ts":"2026-06-10T09:11:05.167Z","level":"info","message":"GET /pending/all 304 122ms","ip":"::1","userId":"0c544294-e96b-4556-a5b2-a9af18dfcdcc","userAgent":"Mozilla/5.0 (Windows NT 10.0; Win64; x64) AppleWebKit/537.36 (KHTML, like Gecko)"}
{"ts":"2026-06-10T09:11:05.368Z","level":"info","message":"GET /profit 304 220ms","ip":"::1","userId":"0c544294-e96b-4556-a5b2-a9af18dfcdcc","userAgent":"Mozilla/5.0 (Windows NT 10.0; Win64; x64) AppleWebKit/537.36 (KHTML, like Gecko)"}
{"ts":"2026-06-10T09:11:05.377Z","level":"info","message":"GET /visits 304 222ms","ip":"::1","userId":"0c544294-e96b-4556-a5b2-a9af18dfcdcc","userAgent":"Mozilla/5.0 (Windows NT 10.0; Win64; x64) AppleWebKit/537.36 (KHTML, like Gecko)"}
{"ts":"2026-06-10T09:11:05.380Z","level":"info","message":"GET /stats 304 277ms","ip":"::1","userId":"0c544294-e96b-4556-a5b2-a9af18dfcdcc","userAgent":"Mozilla/5.0 (Windows NT 10.0; Win64; x64) AppleWebKit/537.36 (KHTML, like Gecko)"}
{"ts":"2026-06-10T09:11:05.449Z","level":"info","message":"GET / 304 288ms","ip":"::1","userId":"0c544294-e96b-4556-a5b2-a9af18dfcdcc","userAgent":"Mozilla/5.0 (Windows NT 10.0; Win64; x64) AppleWebKit/537.36 (KHTML, like Gecko)"}
{"ts":"2026-06-10T09:11:05.763Z","level":"info","message":"GET / 304 96ms","ip":"::1","userId":"0c544294-e96b-4556-a5b2-a9af18dfcdcc","userAgent":"Mozilla/5.0 (Windows NT 10.0; Win64; x64) AppleWebKit/537.36 (KHTML, like Gecko)"}
{"ts":"2026-06-10T09:11:05.845Z","level":"info","message":"GET / 304 176ms","ip":"::1","userId":"0c544294-e96b-4556-a5b2-a9af18dfcdcc","userAgent":"Mozilla/5.0 (Windows NT 10.0; Win64; x64) AppleWebKit/537.36 (KHTML, like Gecko)"}
{"ts":"2026-06-10T09:11:05.862Z","level":"info","message":"GET / 304 97ms","ip":"::1","userId":"0c544294-e96b-4556-a5b2-a9af18dfcdcc","userAgent":"Mozilla/5.0 (Windows NT 10.0; Win64; x64) AppleWebKit/537.36 (KHTML, like Gecko)"}
{"ts":"2026-06-10T09:11:06.018Z","level":"info","message":"GET / 304 171ms","ip":"::1","userId":"0c544294-e96b-4556-a5b2-a9af18dfcdcc","userAgent":"Mozilla/5.0 (Windows NT 10.0; Win64; x64) AppleWebKit/537.36 (KHTML, like Gecko)"}
{"ts":"2026-06-10T09:11:14.865Z","level":"info","message":"GET / 304 293ms","ip":"::1","userId":"0c544294-e96b-4556-a5b2-a9af18dfcdcc","userAgent":"Mozilla/5.0 (Windows NT 10.0; Win64; x64) AppleWebKit/537.36 (KHTML, like Gecko)"}
{"ts":"2026-06-10T09:11:15.046Z","level":"info","message":"GET /pending/all 304 470ms","ip":"::1","userId":"0c544294-e96b-4556-a5b2-a9af18dfcdcc","userAgent":"Mozilla/5.0 (Windows NT 10.0; Win64; x64) AppleWebKit/537.36 (KHTML, like Gecko)"}
{"ts":"2026-06-10T09:11:15.055Z","level":"info","message":"GET / 304 188ms","ip":"::1","userId":"0c544294-e96b-4556-a5b2-a9af18dfcdcc","userAgent":"Mozilla/5.0 (Windows NT 10.0; Win64; x64) AppleWebKit/537.36 (KHTML, like Gecko)"}
{"ts":"2026-06-10T09:11:15.168Z","level":"info","message":"GET /pending/all 304 117ms","ip":"::1","userId":"0c544294-e96b-4556-a5b2-a9af18dfcdcc","userAgent":"Mozilla/5.0 (Windows NT 10.0; Win64; x64) AppleWebKit/537.36 (KHTML, like Gecko)"}
{"ts":"2026-06-10T09:11:27.839Z","level":"info","message":"GET /pending/all 304 398ms","ip":"::1","userId":"0c544294-e96b-4556-a5b2-a9af18dfcdcc","userAgent":"Mozilla/5.0 (Windows NT 10.0; Win64; x64) AppleWebKit/537.36 (KHTML, like Gecko)"}
{"ts":"2026-06-10T09:11:28.220Z","level":"info","message":"GET /pending/all 304 372ms","ip":"::1","userId":"0c544294-e96b-4556-a5b2-a9af18dfcdcc","userAgent":"Mozilla/5.0 (Windows NT 10.0; Win64; x64) AppleWebKit/537.36 (KHTML, like Gecko)"}
{"ts":"2026-06-10T09:11:38.866Z","level":"info","message":"GET / 304 503ms","ip":"::1","userId":"0c544294-e96b-4556-a5b2-a9af18dfcdcc","userAgent":"Mozilla/5.0 (Windows NT 10.0; Win64; x64) AppleWebKit/537.36 (KHTML, like Gecko)"}
{"ts":"2026-06-10T09:11:38.908Z","level":"info","message":"GET / 304 547ms","ip":"::1","userId":"0c544294-e96b-4556-a5b2-a9af18dfcdcc","userAgent":"Mozilla/5.0 (Windows NT 10.0; Win64; x64) AppleWebKit/537.36 (KHTML, like Gecko)"}
{"ts":"2026-06-10T09:11:39.040Z","level":"info","message":"GET / 304 172ms","ip":"::1","userId":"0c544294-e96b-4556-a5b2-a9af18dfcdcc","userAgent":"Mozilla/5.0 (Windows NT 10.0; Win64; x64) AppleWebKit/537.36 (KHTML, like Gecko)"}
{"ts":"2026-06-10T09:11:39.156Z","level":"info","message":"GET / 304 246ms","ip":"::1","userId":"0c544294-e96b-4556-a5b2-a9af18dfcdcc","userAgent":"Mozilla/5.0 (Windows NT 10.0; Win64; x64) AppleWebKit/537.36 (KHTML, like Gecko)"}
{"ts":"2026-06-10T09:14:45.273Z","level":"info","message":"GET / 304 1098ms","ip":"::1","userId":"0c544294-e96b-4556-a5b2-a9af18dfcdcc","userAgent":"Mozilla/5.0 (Windows NT 10.0; Win64; x64) AppleWebKit/537.36 (KHTML, like Gecko)"}
{"ts":"2026-06-10T09:14:45.616Z","level":"info","message":"GET /pending/all 304 758ms","ip":"::1","userId":"0c544294-e96b-4556-a5b2-a9af18dfcdcc","userAgent":"Mozilla/5.0 (Windows NT 10.0; Win64; x64) AppleWebKit/537.36 (KHTML, like Gecko)"}
{"ts":"2026-06-10T09:14:45.644Z","level":"info","message":"GET / 304 789ms","ip":"::1","userId":"0c544294-e96b-4556-a5b2-a9af18dfcdcc","userAgent":"Mozilla/5.0 (Windows NT 10.0; Win64; x64) AppleWebKit/537.36 (KHTML, like Gecko)"}
{"ts":"2026-06-10T09:14:45.648Z","level":"info","message":"GET / 304 372ms","ip":"::1","userId":"0c544294-e96b-4556-a5b2-a9af18dfcdcc","userAgent":"Mozilla/5.0 (Windows NT 10.0; Win64; x64) AppleWebKit/537.36 (KHTML, like Gecko)"}
{"ts":"2026-06-10T09:14:45.989Z","level":"info","message":"GET /pending/all 304 371ms","ip":"::1","userId":"0c544294-e96b-4556-a5b2-a9af18dfcdcc","userAgent":"Mozilla/5.0 (Windows NT 10.0; Win64; x64) AppleWebKit/537.36 (KHTML, like Gecko)"}
{"ts":"2026-06-10T09:14:46.023Z","level":"info","message":"GET / 304 377ms","ip":"::1","userId":"0c544294-e96b-4556-a5b2-a9af18dfcdcc","userAgent":"Mozilla/5.0 (Windows NT 10.0; Win64; x64) AppleWebKit/537.36 (KHTML, like Gecko)"}
{"ts":"2026-06-11T06:35:20.198Z","level":"info","message":"GET /stats 200 7261ms","ip":"::1","userId":"0c544294-e96b-4556-a5b2-a9af18dfcdcc","userAgent":"Mozilla/5.0 (Windows NT 10.0; Win64; x64) AppleWebKit/537.36 (KHTML, like Gecko)"}
{"ts":"2026-06-11T06:35:20.203Z","level":"warn","message":"GET /pending/all 500 7176ms","ip":"::1","userId":"0c544294-e96b-4556-a5b2-a9af18dfcdcc","userAgent":"Mozilla/5.0 (Windows NT 10.0; Win64; x64) AppleWebKit/537.36 (KHTML, like Gecko)"}
{"ts":"2026-06-11T06:35:20.206Z","level":"warn","message":"GET / 500 7174ms","ip":"::1","userId":"0c544294-e96b-4556-a5b2-a9af18dfcdcc","userAgent":"Mozilla/5.0 (Windows NT 10.0; Win64; x64) AppleWebKit/537.36 (KHTML, like Gecko)"}
{"ts":"2026-06-11T06:35:20.212Z","level":"info","message":"GET /profit 200 7174ms","ip":"::1","userId":"0c544294-e96b-4556-a5b2-a9af18dfcdcc","userAgent":"Mozilla/5.0 (Windows NT 10.0; Win64; x64) AppleWebKit/537.36 (KHTML, like Gecko)"}
{"ts":"2026-06-11T06:35:20.222Z","level":"info","message":"GET /visits 200 7173ms","ip":"::1","userId":"0c544294-e96b-4556-a5b2-a9af18dfcdcc","userAgent":"Mozilla/5.0 (Windows NT 10.0; Win64; x64) AppleWebKit/537.36 (KHTML, like Gecko)"}
{"ts":"2026-06-11T06:35:27.371Z","level":"info","message":"GET /stats 304 7143ms","ip":"::1","userId":"0c544294-e96b-4556-a5b2-a9af18dfcdcc","userAgent":"Mozilla/5.0 (Windows NT 10.0; Win64; x64) AppleWebKit/537.36 (KHTML, like Gecko)"}
{"ts":"2026-06-11T06:35:27.373Z","level":"warn","message":"GET /pending/all 500 7130ms","ip":"::1","userId":"0c544294-e96b-4556-a5b2-a9af18dfcdcc","userAgent":"Mozilla/5.0 (Windows NT 10.0; Win64; x64) AppleWebKit/537.36 (KHTML, like Gecko)"}
{"ts":"2026-06-11T06:35:27.374Z","level":"warn","message":"GET / 500 7128ms","ip":"::1","userId":"0c544294-e96b-4556-a5b2-a9af18dfcdcc","userAgent":"Mozilla/5.0 (Windows NT 10.0; Win64; x64) AppleWebKit/537.36 (KHTML, like Gecko)"}
{"ts":"2026-06-11T06:35:27.415Z","level":"info","message":"GET /profit 304 7168ms","ip":"::1","userId":"0c544294-e96b-4556-a5b2-a9af18dfcdcc","userAgent":"Mozilla/5.0 (Windows NT 10.0; Win64; x64) AppleWebKit/537.36 (KHTML, like Gecko)"}
{"ts":"2026-06-11T06:35:27.422Z","level":"info","message":"GET /visits 304 7166ms","ip":"::1","userId":"0c544294-e96b-4556-a5b2-a9af18dfcdcc","userAgent":"Mozilla/5.0 (Windows NT 10.0; Win64; x64) AppleWebKit/537.36 (KHTML, like Gecko)"}
{"ts":"2026-06-11T06:35:27.428Z","level":"warn","message":"GET / 500 7149ms","ip":"::1","userId":"0c544294-e96b-4556-a5b2-a9af18dfcdcc","userAgent":"Mozilla/5.0 (Windows NT 10.0; Win64; x64) AppleWebKit/537.36 (KHTML, like Gecko)"}
{"ts":"2026-06-11T06:35:33.133Z","level":"info","message":"GET / 304 5710ms","ip":"::1","userId":"0c544294-e96b-4556-a5b2-a9af18dfcdcc","userAgent":"Mozilla/5.0 (Windows NT 10.0; Win64; x64) AppleWebKit/537.36 (KHTML, like Gecko)"}
{"ts":"2026-06-11T06:35:33.176Z","level":"info","message":"GET / 200 5745ms","ip":"::1","userId":"0c544294-e96b-4556-a5b2-a9af18dfcdcc","userAgent":"Mozilla/5.0 (Windows NT 10.0; Win64; x64) AppleWebKit/537.36 (KHTML, like Gecko)"}
{"ts":"2026-06-11T06:35:34.997Z","level":"info","message":"GET / 304 218ms","ip":"::1","userId":"0c544294-e96b-4556-a5b2-a9af18dfcdcc","userAgent":"Mozilla/5.0 (Windows NT 10.0; Win64; x64) AppleWebKit/537.36 (KHTML, like Gecko)"}
{"ts":"2026-06-11T06:35:36.862Z","level":"info","message":"GET / 304 206ms","ip":"::1","userId":"0c544294-e96b-4556-a5b2-a9af18dfcdcc","userAgent":"Mozilla/5.0 (Windows NT 10.0; Win64; x64) AppleWebKit/537.36 (KHTML, like Gecko)"}
{"ts":"2026-06-11T06:35:37.173Z","level":"info","message":"GET / 304 515ms","ip":"::1","userId":"0c544294-e96b-4556-a5b2-a9af18dfcdcc","userAgent":"Mozilla/5.0 (Windows NT 10.0; Win64; x64) AppleWebKit/537.36 (KHTML, like Gecko)"}
{"ts":"2026-06-11T06:35:38.716Z","level":"info","message":"GET / 200 341ms","ip":"::1","userId":"0c544294-e96b-4556-a5b2-a9af18dfcdcc","userAgent":"Mozilla/5.0 (Windows NT 10.0; Win64; x64) AppleWebKit/537.36 (KHTML, like Gecko)"}
{"ts":"2026-06-11T06:35:38.946Z","level":"info","message":"GET / 304 225ms","ip":"::1","userId":"0c544294-e96b-4556-a5b2-a9af18dfcdcc","userAgent":"Mozilla/5.0 (Windows NT 10.0; Win64; x64) AppleWebKit/537.36 (KHTML, like Gecko)"}
{"ts":"2026-06-11T06:35:39.119Z","level":"info","message":"GET /visits 200 742ms","ip":"::1","userId":"0c544294-e96b-4556-a5b2-a9af18dfcdcc","userAgent":"Mozilla/5.0 (Windows NT 10.0; Win64; x64) AppleWebKit/537.36 (KHTML, like Gecko)"}
{"ts":"2026-06-11T06:35:39.143Z","level":"info","message":"GET /pending/all 200 770ms","ip":"::1","userId":"0c544294-e96b-4556-a5b2-a9af18dfcdcc","userAgent":"Mozilla/5.0 (Windows NT 10.0; Win64; x64) AppleWebKit/537.36 (KHTML, like Gecko)"}
{"ts":"2026-06-11T06:35:39.335Z","level":"info","message":"GET /visits 304 212ms","ip":"::1","userId":"0c544294-e96b-4556-a5b2-a9af18dfcdcc","userAgent":"Mozilla/5.0 (Windows NT 10.0; Win64; x64) AppleWebKit/537.36 (KHTML, like Gecko)"}
{"ts":"2026-06-11T06:35:39.373Z","level":"info","message":"GET /pending/all 304 227ms","ip":"::1","userId":"0c544294-e96b-4556-a5b2-a9af18dfcdcc","userAgent":"Mozilla/5.0 (Windows NT 10.0; Win64; x64) AppleWebKit/537.36 (KHTML, like Gecko)"}
{"ts":"2026-06-11T06:35:40.132Z","level":"info","message":"GET /profit 200 1754ms","ip":"::1","userId":"0c544294-e96b-4556-a5b2-a9af18dfcdcc","userAgent":"Mozilla/5.0 (Windows NT 10.0; Win64; x64) AppleWebKit/537.36 (KHTML, like Gecko)"}
{"ts":"2026-06-11T06:35:40.135Z","level":"info","message":"GET /stats 200 1767ms","ip":"::1","userId":"0c544294-e96b-4556-a5b2-a9af18dfcdcc","userAgent":"Mozilla/5.0 (Windows NT 10.0; Win64; x64) AppleWebKit/537.36 (KHTML, like Gecko)"}
{"ts":"2026-06-11T06:35:40.386Z","level":"info","message":"GET /stats 304 244ms","ip":"::1","userId":"0c544294-e96b-4556-a5b2-a9af18dfcdcc","userAgent":"Mozilla/5.0 (Windows NT 10.0; Win64; x64) AppleWebKit/537.36 (KHTML, like Gecko)"}
{"ts":"2026-06-11T06:35:40.613Z","level":"info","message":"GET /profit 304 476ms","ip":"::1","userId":"0c544294-e96b-4556-a5b2-a9af18dfcdcc","userAgent":"Mozilla/5.0 (Windows NT 10.0; Win64; x64) AppleWebKit/537.36 (KHTML, like Gecko)"}
